file,line,type,commit,author,date,time,timezone,datetime,depth,length
style.css,1,css,0bc26043,jensenemi,2025-09-28,14:39:02,-07:00,2025-09-28T14:39:02-07:00,0,2
style.css,2,css,0bc26043,jensenemi,2025-09-28,14:39:02,-07:00,2025-09-28T14:39:02-07:00,1,41
style.css,3,css,0bc26043,jensenemi,2025-09-28,14:39:02,-07:00,2025-09-28T14:39:02-07:00,2,40
style.css,4,css,0bc26043,jensenemi,2025-09-28,14:39:02,-07:00,2025-09-28T14:39:02-07:00,1,0
style.css,5,css,0bc26043,jensenemi,2025-09-28,14:39:02,-07:00,2025-09-28T14:39:02-07:00,1,21
style.css,6,css,9f097f46,jensenemi,2025-10-08,15:25:01,-07:00,2025-10-08T15:25:01-07:00,1,13
style.css,7,css,25f80e5f,jensenemi,2025-10-08,15:27:31,-07:00,2025-10-08T15:27:31-07:00,1,16
style.css,8,css,19605d81,jensenemi,2025-10-08,15:39:57,-07:00,2025-10-08T15:39:57-07:00,1,10
style.css,9,css,0f6eae09,jensenemi,2025-10-08,15:47:57,-07:00,2025-10-08T15:47:57-07:00,0,0
style.css,10,css,9dc05c77,jensenemi,2025-10-08,17:18:56,-07:00,2025-10-08T17:18:56-07:00,0,0
style.css,11,css,0f6eae09,jensenemi,2025-10-08,15:47:57,-07:00,2025-10-08T15:47:57-07:00,0,1
style.css,12,css,0f6eae09,jensenemi,2025-10-08,15:47:57,-07:00,2025-10-08T15:47:57-07:00,1,10
style.css,13,css,0bd062c2,jensenemi,2025-10-08,15:57:00,-07:00,2025-10-08T15:57:00-07:00,1,16
style.css,14,css,1fc3822a,jensenemi,2025-10-14,15:23:27,-07:00,2025-10-14T15:23:27-07:00,1,37
style.css,15,css,1fc3822a,jensenemi,2025-10-14,15:23:27,-07:00,2025-10-14T15:23:27-07:00,1,41
style.css,16,css,0f6eae09,jensenemi,2025-10-08,15:47:57,-07:00,2025-10-08T15:47:57-07:00,0,0
style.css,17,css,9dc05c77,jensenemi,2025-10-08,17:18:56,-07:00,2025-10-08T17:18:56-07:00,0,0
style.css,18,css,0f6eae09,jensenemi,2025-10-08,15:47:57,-07:00,2025-10-08T15:47:57-07:00,0,3
style.css,19,css,0f6eae09,jensenemi,2025-10-08,15:47:57,-07:00,2025-10-08T15:47:57-07:00,0,4
style.css,20,css,0bd062c2,jensenemi,2025-10-08,15:57:00,-07:00,2025-10-08T15:57:00-07:00,0,18
style.css,21,css,0bd062c2,jensenemi,2025-10-08,15:57:00,-07:00,2025-10-08T15:57:00-07:00,0,11
style.css,22,css,0bd062c2,jensenemi,2025-10-08,15:57:00,-07:00,2025-10-08T15:57:00-07:00,0,15
style.css,23,css,0bd062c2,jensenemi,2025-10-08,15:57:00,-07:00,2025-10-08T15:57:00-07:00,0,11
style.css,24,css,0bd062c2,jensenemi,2025-10-08,15:57:00,-07:00,2025-10-08T15:57:00-07:00,0,0
style.css,25,css,9dc05c77,jensenemi,2025-10-08,17:18:56,-07:00,2025-10-08T17:18:56-07:00,0,0
style.css,26,css,0bd062c2,jensenemi,2025-10-08,15:57:00,-07:00,2025-10-08T15:57:00-07:00,0,11
style.css,27,css,1fc3822a,jensenemi,2025-10-14,15:23:27,-07:00,2025-10-14T15:23:27-07:00,0,43
style.css,28,css,0bd062c2,jensenemi,2025-10-08,15:57:00,-07:00,2025-10-08T15:57:00-07:00,0,18
style.css,29,css,2f171805,jensenemi,2025-10-08,16:08:15,-07:00,2025-10-08T16:08:15-07:00,0,0
style.css,30,css,9dc05c77,jensenemi,2025-10-08,17:18:56,-07:00,2025-10-08T17:18:56-07:00,0,0
style.css,31,css,2f171805,jensenemi,2025-10-08,16:08:15,-07:00,2025-10-08T16:08:15-07:00,0,2
style.css,32,css,2f171805,jensenemi,2025-10-08,16:08:15,-07:00,2025-10-08T16:08:15-07:00,0,29
style.css,33,css,2f171805,jensenemi,2025-10-08,16:08:15,-07:00,2025-10-08T16:08:15-07:00,0,30
style.css,34,css,2f171805,jensenemi,2025-10-08,16:08:15,-07:00,2025-10-08T16:08:15-07:00,0,0
style.css,35,css,9dc05c77,jensenemi,2025-10-08,17:18:56,-07:00,2025-10-08T17:18:56-07:00,0,0
style.css,36,css,2f171805,jensenemi,2025-10-08,16:08:15,-07:00,2025-10-08T16:08:15-07:00,0,9
style.css,37,css,2f171805,jensenemi,2025-10-08,16:08:15,-07:00,2025-10-08T16:08:15-07:00,0,43
style.css,38,css,2f171805,jensenemi,2025-10-08,16:08:15,-07:00,2025-10-08T16:08:15-07:00,0,18
style.css,39,css,2ee3ecd6,jensenemi,2025-10-14,15:26:32,-07:00,2025-10-14T15:26:32-07:00,0,67
style.css,40,css,b5bd3088,jensenemi,2025-10-08,16:24:41,-07:00,2025-10-08T16:24:41-07:00,0,0
style.css,41,css,9dc05c77,jensenemi,2025-10-08,17:18:56,-07:00,2025-10-08T17:18:56-07:00,0,0
style.css,42,css,b5bd3088,jensenemi,2025-10-08,16:24:41,-07:00,2025-10-08T16:24:41-07:00,0,29
style.css,43,css,b5bd3088,jensenemi,2025-10-08,16:24:41,-07:00,2025-10-08T16:24:41-07:00,0,10
style.css,44,css,b5bd3088,jensenemi,2025-10-08,16:24:41,-07:00,2025-10-08T16:24:41-07:00,0,0
style.css,45,css,9dc05c77,jensenemi,2025-10-08,17:18:56,-07:00,2025-10-08T17:18:56-07:00,0,0
style.css,46,css,0916e254,jensenemi,2025-10-08,16:43:14,-07:00,2025-10-08T16:43:14-07:00,0,64
style.css,47,css,b5bd3088,jensenemi,2025-10-08,16:24:41,-07:00,2025-10-08T16:24:41-07:00,0,11
style.css,48,css,b5bd3088,jensenemi,2025-10-08,16:24:41,-07:00,2025-10-08T16:24:41-07:00,0,8
style.css,49,css,b5bd3088,jensenemi,2025-10-08,16:24:41,-07:00,2025-10-08T16:24:41-07:00,0,19
style.css,50,css,b5bd3088,jensenemi,2025-10-08,16:24:41,-07:00,2025-10-08T16:24:41-07:00,0,0
style.css,51,css,b5bd3088,jensenemi,2025-10-08,16:24:41,-07:00,2025-10-08T16:24:41-07:00,0,8
style.css,52,css,b5bd3088,jensenemi,2025-10-08,16:24:41,-07:00,2025-10-08T16:24:41-07:00,0,20
style.css,53,css,0916e254,jensenemi,2025-10-08,16:43:14,-07:00,2025-10-08T16:43:14-07:00,0,0
style.css,54,css,9dc05c77,jensenemi,2025-10-08,17:18:56,-07:00,2025-10-08T17:18:56-07:00,0,0
style.css,55,css,0916e254,jensenemi,2025-10-08,16:43:14,-07:00,2025-10-08T16:43:14-07:00,0,2
style.css,56,css,0916e254,jensenemi,2025-10-08,16:43:14,-07:00,2025-10-08T16:43:14-07:00,0,10
style.css,57,css,0916e254,jensenemi,2025-10-08,16:43:14,-07:00,2025-10-08T16:43:14-07:00,0,28
style.css,58,css,0916e254,jensenemi,2025-10-08,16:43:14,-07:00,2025-10-08T16:43:14-07:00,0,5
style.css,59,css,0916e254,jensenemi,2025-10-08,16:43:14,-07:00,2025-10-08T16:43:14-07:00,0,0
style.css,60,css,9dc05c77,jensenemi,2025-10-08,17:18:56,-07:00,2025-10-08T17:18:56-07:00,0,0
style.css,61,css,0916e254,jensenemi,2025-10-08,16:43:14,-07:00,2025-10-08T16:43:14-07:00,0,8
style.css,62,css,0916e254,jensenemi,2025-10-08,16:43:14,-07:00,2025-10-08T16:43:14-07:00,0,10
style.css,63,css,0916e254,jensenemi,2025-10-08,16:43:14,-07:00,2025-10-08T16:43:14-07:00,0,27
style.css,64,css,0916e254,jensenemi,2025-10-08,16:43:14,-07:00,2025-10-08T16:43:14-07:00,0,0
style.css,65,css,9dc05c77,jensenemi,2025-10-08,17:18:56,-07:00,2025-10-08T17:18:56-07:00,0,0
style.css,66,css,0916e254,jensenemi,2025-10-08,16:43:14,-07:00,2025-10-08T16:43:14-07:00,0,21
style.css,67,css,0916e254,jensenemi,2025-10-08,16:43:14,-07:00,2025-10-08T16:43:14-07:00,0,16
style.css,68,css,d89a9de4,jensenemi,2025-10-08,16:55:00,-07:00,2025-10-08T16:55:00-07:00,0,0
style.css,69,css,9dc05c77,jensenemi,2025-10-08,17:18:56,-07:00,2025-10-08T17:18:56-07:00,0,0
style.css,70,css,d89a9de4,jensenemi,2025-10-08,16:55:00,-07:00,2025-10-08T16:55:00-07:00,0,7
style.css,71,css,d89a9de4,jensenemi,2025-10-08,16:55:00,-07:00,2025-10-08T16:55:00-07:00,0,10
style.css,72,css,d89a9de4,jensenemi,2025-10-08,16:55:00,-07:00,2025-10-08T16:55:00-07:00,0,56
style.css,73,css,9ea8070f,jensenemi,2025-10-08,16:57:34,-07:00,2025-10-08T16:57:34-07:00,0,5
style.css,74,css,9dc05c77,jensenemi,2025-10-08,17:18:56,-07:00,2025-10-08T17:18:56-07:00,0,0
style.css,75,css,9dc05c77,jensenemi,2025-10-08,17:18:56,-07:00,2025-10-08T17:18:56-07:00,0,0
style.css,76,css,9dc05c77,jensenemi,2025-10-08,17:18:56,-07:00,2025-10-08T17:18:56-07:00,0,15
style.css,77,css,9dc05c77,jensenemi,2025-10-08,17:18:56,-07:00,2025-10-08T17:18:56-07:00,0,10
style.css,78,css,9dc05c77,jensenemi,2025-10-08,17:18:56,-07:00,2025-10-08T17:18:56-07:00,0,24
style.css,79,css,9dc05c77,jensenemi,2025-10-08,17:18:56,-07:00,2025-10-08T17:18:56-07:00,0,13
style.css,80,css,9dc05c77,jensenemi,2025-10-08,17:18:56,-07:00,2025-10-08T17:18:56-07:00,0,7
style.css,81,css,9dc05c77,jensenemi,2025-10-08,17:18:56,-07:00,2025-10-08T17:18:56-07:00,0,0
style.css,82,css,9dc05c77,jensenemi,2025-10-08,17:18:56,-07:00,2025-10-08T17:18:56-07:00,0,0
style.css,83,css,9dc05c77,jensenemi,2025-10-08,17:18:56,-07:00,2025-10-08T17:18:56-07:00,0,18
style.css,84,css,9dc05c77,jensenemi,2025-10-08,17:18:56,-07:00,2025-10-08T17:18:56-07:00,0,6
style.css,85,css,da6747fa,jensenemi,2025-10-08,17:22:26,-07:00,2025-10-08T17:22:26-07:00,0,0
style.css,86,css,da6747fa,jensenemi,2025-10-08,17:22:26,-07:00,2025-10-08T17:22:26-07:00,0,0
style.css,87,css,da6747fa,jensenemi,2025-10-08,17:22:26,-07:00,2025-10-08T17:22:26-07:00,0,0
style.css,88,css,da6747fa,jensenemi,2025-10-08,17:22:26,-07:00,2025-10-08T17:22:26-07:00,0,12
style.css,89,css,da6747fa,jensenemi,2025-10-08,17:22:26,-07:00,2025-10-08T17:22:26-07:00,0,0
style.css,90,css,da6747fa,jensenemi,2025-10-08,17:22:26,-07:00,2025-10-08T17:22:26-07:00,0,0
style.css,91,css,ff06957a,jensenemi,2025-10-08,23:09:25,-07:00,2025-10-08T23:09:25-07:00,0,5
style.css,92,css,25565867,jensenemi,2025-10-08,23:26:30,-07:00,2025-10-08T23:26:30-07:00,0,17
style.css,93,css,bdd9b222,jensenemi,2025-10-08,19:29:22,-07:00,2025-10-08T19:29:22-07:00,0,0
style.css,94,css,bdd9b222,jensenemi,2025-10-08,19:29:22,-07:00,2025-10-08T19:29:22-07:00,0,0
style.css,95,css,bdd9b222,jensenemi,2025-10-08,19:29:22,-07:00,2025-10-08T19:29:22-07:00,0,0
style.css,96,css,25565867,jensenemi,2025-10-08,23:26:30,-07:00,2025-10-08T23:26:30-07:00,0,14
style.css,97,css,bdd9b222,jensenemi,2025-10-08,19:29:22,-07:00,2025-10-08T19:29:22-07:00,0,16
style.css,98,css,bdd9b222,jensenemi,2025-10-08,19:29:22,-07:00,2025-10-08T19:29:22-07:00,0,0
style.css,99,css,bdd9b222,jensenemi,2025-10-08,19:29:22,-07:00,2025-10-08T19:29:22-07:00,0,0
style.css,100,css,bdd9b222,jensenemi,2025-10-08,19:29:22,-07:00,2025-10-08T19:29:22-07:00,0,0
style.css,101,css,396da506,jensenemi,2025-10-08,23:16:13,-07:00,2025-10-08T23:16:13-07:00,0,18
style.css,102,css,3fd5f6a2,jensenemi,2025-10-08,23:04:48,-07:00,2025-10-08T23:04:48-07:00,0,0
style.css,103,css,3fd5f6a2,jensenemi,2025-10-08,23:04:48,-07:00,2025-10-08T23:04:48-07:00,0,0
style.css,104,css,ae66b4ac,jensenemi,2025-10-14,15:14:08,-07:00,2025-10-14T15:14:08-07:00,0,2
style.css,105,css,ae66b4ac,jensenemi,2025-10-14,15:14:08,-07:00,2025-10-14T15:14:08-07:00,0,21
style.css,106,css,ae66b4ac,jensenemi,2025-10-14,15:14:08,-07:00,2025-10-14T15:14:08-07:00,0,0
style.css,107,css,ae66b4ac,jensenemi,2025-10-14,15:14:08,-07:00,2025-10-14T15:14:08-07:00,0,0
style.css,108,css,84f581be,jensenemi,2025-10-14,15:40:31,-07:00,2025-10-14T15:40:31-07:00,0,11
style.css,109,css,84f581be,jensenemi,2025-10-14,15:40:31,-07:00,2025-10-14T15:40:31-07:00,0,15
style.css,110,css,84f581be,jensenemi,2025-10-14,15:40:31,-07:00,2025-10-14T15:40:31-07:00,0,6
style.css,111,css,84f581be,jensenemi,2025-10-14,15:40:31,-07:00,2025-10-14T15:40:31-07:00,0,8
style.css,112,css,84f581be,jensenemi,2025-10-14,15:40:31,-07:00,2025-10-14T15:40:31-07:00,0,11
style.css,113,css,84f581be,jensenemi,2025-10-14,15:40:31,-07:00,2025-10-14T15:40:31-07:00,0,17
style.css,114,css,84f581be,jensenemi,2025-10-14,15:40:31,-07:00,2025-10-14T15:40:31-07:00,0,16
style.css,115,css,84f581be,jensenemi,2025-10-14,15:40:31,-07:00,2025-10-14T15:40:31-07:00,0,0
style.css,116,css,84f581be,jensenemi,2025-10-14,15:40:31,-07:00,2025-10-14T15:40:31-07:00,0,0
style.css,117,css,882d4ca0,jensenemi,2025-10-22,16:56:22,-07:00,2025-10-22T16:56:22-07:00,0,15
style.css,118,css,882d4ca0,jensenemi,2025-10-22,16:56:22,-07:00,2025-10-22T16:56:22-07:00,0,10
style.css,119,css,7ae5d09d,jensenemi,2025-11-03,22:44:41,-08:00,2025-11-03T22:44:41-08:00,0,34
style.css,120,css,7ae5d09d,jensenemi,2025-11-03,22:44:41,-08:00,2025-11-03T22:44:41-08:00,0,6
style.css,121,css,882d4ca0,jensenemi,2025-10-22,16:56:22,-07:00,2025-10-22T16:56:22-07:00,0,0
style.css,122,css,882d4ca0,jensenemi,2025-10-22,16:56:22,-07:00,2025-10-22T16:56:22-07:00,0,0
style.css,123,css,882d4ca0,jensenemi,2025-10-22,16:56:22,-07:00,2025-10-22T16:56:22-07:00,0,15
style.css,124,css,882d4ca0,jensenemi,2025-10-22,16:56:22,-07:00,2025-10-22T16:56:22-07:00,0,8
style.css,125,css,882d4ca0,jensenemi,2025-10-22,16:56:22,-07:00,2025-10-22T16:56:22-07:00,0,15
style.css,126,css,882d4ca0,jensenemi,2025-10-22,16:56:22,-07:00,2025-10-22T16:56:22-07:00,0,0
style.css,127,css,882d4ca0,jensenemi,2025-10-22,16:56:22,-07:00,2025-10-22T16:56:22-07:00,0,0
style.css,128,css,882d4ca0,jensenemi,2025-10-22,16:56:22,-07:00,2025-10-22T16:56:22-07:00,0,15
style.css,129,css,882d4ca0,jensenemi,2025-10-22,16:56:22,-07:00,2025-10-22T16:56:22-07:00,0,8
style.css,130,css,882d4ca0,jensenemi,2025-10-22,16:56:22,-07:00,2025-10-22T16:56:22-07:00,0,15
style.css,131,css,882d4ca0,jensenemi,2025-10-22,16:56:22,-07:00,2025-10-22T16:56:22-07:00,0,6
style.css,132,css,882d4ca0,jensenemi,2025-10-22,16:56:22,-07:00,2025-10-22T16:56:22-07:00,0,0
style.css,133,css,882d4ca0,jensenemi,2025-10-22,16:56:22,-07:00,2025-10-22T16:56:22-07:00,0,0
style.css,134,css,ab2c3d7c,jensenemi,2025-10-25,14:44:51,-07:00,2025-10-25T14:44:51-07:00,0,11
style.css,135,css,ab2c3d7c,jensenemi,2025-10-25,14:44:51,-07:00,2025-10-25T14:44:51-07:00,0,10
style.css,136,css,ab2c3d7c,jensenemi,2025-10-25,14:44:51,-07:00,2025-10-25T14:44:51-07:00,0,19
style.css,137,css,ab2c3d7c,jensenemi,2025-10-25,14:44:51,-07:00,2025-10-25T14:44:51-07:00,0,0
style.css,138,css,ab2c3d7c,jensenemi,2025-10-25,14:44:51,-07:00,2025-10-25T14:44:51-07:00,0,0
style.css,139,css,ab2c3d7c,jensenemi,2025-10-25,14:44:51,-07:00,2025-10-25T14:44:51-07:00,0,11
style.css,140,css,ab2c3d7c,jensenemi,2025-10-25,14:44:51,-07:00,2025-10-25T14:44:51-07:00,0,8
style.css,141,css,ab2c3d7c,jensenemi,2025-10-25,14:44:51,-07:00,2025-10-25T14:44:51-07:00,0,28
style.css,142,css,ab2c3d7c,jensenemi,2025-10-25,14:44:51,-07:00,2025-10-25T14:44:51-07:00,0,32
style.css,143,css,779fcd49,jensenemi,2025-10-25,14:55:53,-07:00,2025-10-25T14:55:53-07:00,0,14
style.css,144,css,ab2c3d7c,jensenemi,2025-10-25,14:44:51,-07:00,2025-10-25T14:44:51-07:00,0,14
style.css,145,css,ab2c3d7c,jensenemi,2025-10-25,14:44:51,-07:00,2025-10-25T14:44:51-07:00,0,0
style.css,146,css,ab2c3d7c,jensenemi,2025-10-25,14:44:51,-07:00,2025-10-25T14:44:51-07:00,0,0
style.css,147,css,04f43199,jensenemi,2025-10-25,14:50:40,-07:00,2025-10-25T14:50:40-07:00,0,16
style.css,148,css,04f43199,jensenemi,2025-10-25,14:50:40,-07:00,2025-10-25T14:50:40-07:00,0,12
style.css,149,css,04f43199,jensenemi,2025-10-25,14:50:40,-07:00,2025-10-25T14:50:40-07:00,0,14
style.css,150,css,04f43199,jensenemi,2025-10-25,14:50:40,-07:00,2025-10-25T14:50:40-07:00,0,14
style.css,151,css,04f43199,jensenemi,2025-10-25,14:50:40,-07:00,2025-10-25T14:50:40-07:00,0,0
style.css,152,css,04f43199,jensenemi,2025-10-25,14:50:40,-07:00,2025-10-25T14:50:40-07:00,0,0
style.css,153,css,ab637ecb,jensenemi,2025-10-25,16:14:00,-07:00,2025-10-25T16:14:00-07:00,0,8
style.css,154,css,c2f9bf0d,jensenemi,2025-10-25,16:05:50,-07:00,2025-10-25T16:05:50-07:00,0,10
style.css,155,css,b99955ce,jensenemi,2025-10-25,16:16:08,-07:00,2025-10-25T16:16:08-07:00,0,16
style.css,156,css,c2f9bf0d,jensenemi,2025-10-25,16:05:50,-07:00,2025-10-25T16:05:50-07:00,0,5
style.css,157,css,c2f9bf0d,jensenemi,2025-10-25,16:05:50,-07:00,2025-10-25T16:05:50-07:00,0,12
style.css,158,css,c2f9bf0d,jensenemi,2025-10-25,16:05:50,-07:00,2025-10-25T16:05:50-07:00,0,0
style.css,159,css,c2f9bf0d,jensenemi,2025-10-25,16:05:50,-07:00,2025-10-25T16:05:50-07:00,0,0
style.css,160,css,ab637ecb,jensenemi,2025-10-25,16:14:00,-07:00,2025-10-25T16:14:00-07:00,0,12
style.css,161,css,dc57a341,jensenemi,2025-10-25,16:10:07,-07:00,2025-10-25T16:10:07-07:00,0,11
style.css,162,css,dc57a341,jensenemi,2025-10-25,16:10:07,-07:00,2025-10-25T16:10:07-07:00,0,13
style.css,163,css,dc57a341,jensenemi,2025-10-25,16:10:07,-07:00,2025-10-25T16:10:07-07:00,0,9
style.css,164,css,dc57a341,jensenemi,2025-10-25,16:10:07,-07:00,2025-10-25T16:10:07-07:00,0,0
style.css,165,css,dc57a341,jensenemi,2025-10-25,16:10:07,-07:00,2025-10-25T16:10:07-07:00,0,0
style.css,166,css,ab637ecb,jensenemi,2025-10-25,16:14:00,-07:00,2025-10-25T16:14:00-07:00,0,16
style.css,167,css,dc57a341,jensenemi,2025-10-25,16:10:07,-07:00,2025-10-25T16:10:07-07:00,0,4
style.css,168,css,dd279ff3,jensenemi,2025-10-25,15:54:09,-07:00,2025-10-25T15:54:09-07:00,0,10
style.css,169,css,dd279ff3,jensenemi,2025-10-25,15:54:09,-07:00,2025-10-25T15:54:09-07:00,0,55
style.css,170,css,dd279ff3,jensenemi,2025-10-25,15:54:09,-07:00,2025-10-25T15:54:09-07:00,0,5
style.css,171,css,c81d2cae,jensenemi,2025-10-25,15:56:32,-07:00,2025-10-25T15:56:32-07:00,0,10
style.css,172,css,c81d2cae,jensenemi,2025-10-25,15:56:32,-07:00,2025-10-25T15:56:32-07:00,0,15
style.css,173,css,f5bc1f2e,jensenemi,2025-10-25,15:58:51,-07:00,2025-10-25T15:58:51-07:00,0,14
style.css,174,css,4047fe45,jensenemi,2025-10-25,16:00:56,-07:00,2025-10-25T16:00:56-07:00,0,17
style.css,175,css,dd279ff3,jensenemi,2025-10-25,15:54:09,-07:00,2025-10-25T15:54:09-07:00,0,0
style.css,176,css,dd279ff3,jensenemi,2025-10-25,15:54:09,-07:00,2025-10-25T15:54:09-07:00,0,0
style.css,177,css,dd279ff3,jensenemi,2025-10-25,15:54:09,-07:00,2025-10-25T15:54:09-07:00,0,10
style.css,178,css,dd279ff3,jensenemi,2025-10-25,15:54:09,-07:00,2025-10-25T15:54:09-07:00,0,10
style.css,179,css,dd279ff3,jensenemi,2025-10-25,15:54:09,-07:00,2025-10-25T15:54:09-07:00,0,16
style.css,180,css,dd279ff3,jensenemi,2025-10-25,15:54:09,-07:00,2025-10-25T15:54:09-07:00,0,7
style.css,181,css,dd279ff3,jensenemi,2025-10-25,15:54:09,-07:00,2025-10-25T15:54:09-07:00,0,0
style.css,182,css,dd279ff3,jensenemi,2025-10-25,15:54:09,-07:00,2025-10-25T15:54:09-07:00,0,0
style.css,183,css,11d513bf,jensenemi,2025-10-25,20:59:34,-07:00,2025-10-25T20:59:34-07:00,0,18
style.css,184,css,dd279ff3,jensenemi,2025-10-25,15:54:09,-07:00,2025-10-25T15:54:09-07:00,0,18
style.css,185,css,dd279ff3,jensenemi,2025-10-25,15:54:09,-07:00,2025-10-25T15:54:09-07:00,0,7
style.css,186,css,dd279ff3,jensenemi,2025-10-25,15:54:09,-07:00,2025-10-25T15:54:09-07:00,0,8
style.css,187,css,dd279ff3,jensenemi,2025-10-25,15:54:09,-07:00,2025-10-25T15:54:09-07:00,0,16
style.css,188,css,521830bc,jensenemi,2025-10-25,20:53:05,-07:00,2025-10-25T20:53:05-07:00,0,27
style.css,189,css,dd279ff3,jensenemi,2025-10-25,15:54:09,-07:00,2025-10-25T15:54:09-07:00,0,18
style.css,190,css,dd279ff3,jensenemi,2025-10-25,15:54:09,-07:00,2025-10-25T15:54:09-07:00,0,0
style.css,191,css,dd279ff3,jensenemi,2025-10-25,15:54:09,-07:00,2025-10-25T15:54:09-07:00,0,0
style.css,192,css,39f4c598,jensenemi,2025-10-25,17:31:49,-07:00,2025-10-25T17:31:49-07:00,0,2
style.css,193,css,39f4c598,jensenemi,2025-10-25,17:31:49,-07:00,2025-10-25T17:31:49-07:00,0,14
style.css,194,css,81c5c4d2,jensenemi,2025-10-25,19:25:47,-07:00,2025-10-25T19:25:47-07:00,0,12
style.css,195,css,39f4c598,jensenemi,2025-10-25,17:31:49,-07:00,2025-10-25T17:31:49-07:00,0,0
style.css,196,css,39f4c598,jensenemi,2025-10-25,17:31:49,-07:00,2025-10-25T17:31:49-07:00,0,0
style.css,197,css,39f4c598,jensenemi,2025-10-25,17:31:49,-07:00,2025-10-25T17:31:49-07:00,0,34
style.css,198,css,39f4c598,jensenemi,2025-10-25,17:31:49,-07:00,2025-10-25T17:31:49-07:00,0,9
style.css,199,css,39f4c598,jensenemi,2025-10-25,17:31:49,-07:00,2025-10-25T17:31:49-07:00,0,0
style.css,200,css,39f4c598,jensenemi,2025-10-25,17:31:49,-07:00,2025-10-25T17:31:49-07:00,0,0
style.css,201,css,81c5c4d2,jensenemi,2025-10-25,19:25:47,-07:00,2025-10-25T19:25:47-07:00,0,7
style.css,202,css,81c5c4d2,jensenemi,2025-10-25,19:25:47,-07:00,2025-10-25T19:25:47-07:00,0,33
style.css,203,css,81c5c4d2,jensenemi,2025-10-25,19:25:47,-07:00,2025-10-25T19:25:47-07:00,0,0
style.css,204,css,81c5c4d2,jensenemi,2025-10-25,19:25:47,-07:00,2025-10-25T19:25:47-07:00,0,0
style.css,205,css,81c5c4d2,jensenemi,2025-10-25,19:25:47,-07:00,2025-10-25T19:25:47-07:00,0,16
style.css,206,css,81c5c4d2,jensenemi,2025-10-25,19:25:47,-07:00,2025-10-25T19:25:47-07:00,0,15
style.css,207,css,81c5c4d2,jensenemi,2025-10-25,19:25:47,-07:00,2025-10-25T19:25:47-07:00,0,0
style.css,208,css,81c5c4d2,jensenemi,2025-10-25,19:25:47,-07:00,2025-10-25T19:25:47-07:00,0,0
style.css,209,css,3fd5f6a2,jensenemi,2025-10-08,23:04:48,-07:00,2025-10-08T23:04:48-07:00,0,20
style.css,210,css,3fd5f6a2,jensenemi,2025-10-08,23:04:48,-07:00,2025-10-08T23:04:48-07:00,0,13
style.css,211,css,3fd5f6a2,jensenemi,2025-10-08,23:04:48,-07:00,2025-10-08T23:04:48-07:00,0,15
style.css,212,css,3fd5f6a2,jensenemi,2025-10-08,23:04:48,-07:00,2025-10-08T23:04:48-07:00,0,0
index.js,1,js,fbb19f50,jensenemi,2025-10-22,16:50:50,-07:00,2025-10-22T16:50:50-07:00,0,69
index.js,2,js,cbbdc427,jensenemi,2025-10-22,16:31:26,-07:00,2025-10-22T16:31:26-07:00,0,10
index.js,3,js,cbbdc427,jensenemi,2025-10-22,16:31:26,-07:00,2025-10-22T16:31:26-07:00,1,52
index.js,4,js,cbbdc427,jensenemi,2025-10-22,16:31:26,-07:00,2025-10-22T16:31:26-07:00,1,40
index.js,5,js,cbbdc427,jensenemi,2025-10-22,16:31:26,-07:00,2025-10-22T16:31:26-07:00,1,58
index.js,6,js,fbb19f50,jensenemi,2025-10-22,16:50:50,-07:00,2025-10-22T16:50:50-07:00,1,50
index.js,7,js,fbb19f50,jensenemi,2025-10-22,16:50:50,-07:00,2025-10-22T16:50:50-07:00,1,58
index.js,8,js,fbb19f50,jensenemi,2025-10-22,16:50:50,-07:00,2025-10-22T16:50:50-07:00,1,15
index.js,9,js,fbb19f50,jensenemi,2025-10-22,16:50:50,-07:00,2025-10-22T16:50:50-07:00,2,22
index.js,10,js,fbb19f50,jensenemi,2025-10-22,16:50:50,-07:00,2025-10-22T16:50:50-07:00,3,0
index.js,11,js,fbb19f50,jensenemi,2025-10-22,16:50:50,-07:00,2025-10-22T16:50:50-07:00,4,47
index.js,12,js,fbb19f50,jensenemi,2025-10-22,16:50:50,-07:00,2025-10-22T16:50:50-07:00,4,47
index.js,13,js,882d4ca0,jensenemi,2025-10-22,16:56:22,-07:00,2025-10-22T16:56:22-07:00,4,53
index.js,14,js,882d4ca0,jensenemi,2025-10-22,16:56:22,-07:00,2025-10-22T16:56:22-07:00,4,53
index.js,15,js,fbb19f50,jensenemi,2025-10-22,16:50:50,-07:00,2025-10-22T16:50:50-07:00,3,1
index.js,16,js,fbb19f50,jensenemi,2025-10-22,16:50:50,-07:00,2025-10-22T16:50:50-07:00,2,0
index.js,17,js,fbb19f50,jensenemi,2025-10-22,16:50:50,-07:00,2025-10-22T16:50:50-07:00,1,0
index.js,18,js,cbbdc427,jensenemi,2025-10-22,16:31:26,-07:00,2025-10-22T16:31:26-07:00,1,52
index.js,19,js,cbbdc427,jensenemi,2025-10-22,16:31:26,-07:00,2025-10-22T16:31:26-07:00,0,1
index.html,1,html,844dc306,jensenemi,2025-09-28,13:43:36,-07:00,2025-09-28T13:43:36-07:00,0,11
index.html,2,html,844dc306,jensenemi,2025-09-28,13:43:36,-07:00,2025-09-28T13:43:36-07:00,0,12
index.html,3,html,844dc306,jensenemi,2025-09-28,13:43:36,-07:00,2025-09-28T13:43:36-07:00,0,2
index.html,4,html,844dc306,jensenemi,2025-09-28,13:43:36,-07:00,2025-09-28T13:43:36-07:00,1,18
index.html,5,html,844dc306,jensenemi,2025-09-28,13:43:36,-07:00,2025-09-28T13:43:36-07:00,1,49
index.html,6,html,844dc306,jensenemi,2025-09-28,13:43:36,-07:00,2025-09-28T13:43:36-07:00,1,66
index.html,7,html,844dc306,jensenemi,2025-09-28,13:43:36,-07:00,2025-09-28T13:43:36-07:00,1,50
index.html,8,html,0bc26043,jensenemi,2025-09-28,14:39:02,-07:00,2025-09-28T14:39:02-07:00,1,36
index.html,9,html,844dc306,jensenemi,2025-09-28,13:43:36,-07:00,2025-09-28T13:43:36-07:00,0,3
index.html,10,html,844dc306,jensenemi,2025-09-28,13:43:36,-07:00,2025-09-28T13:43:36-07:00,0,2
index.html,11,html,6ab33783,jensenemi,2025-10-14,14:42:57,-07:00,2025-10-14T14:42:57-07:00,1,1
index.html,12,html,0f6eae09,jensenemi,2025-10-08,15:47:57,-07:00,2025-10-08T15:47:57-07:00,2,41
index.html,13,html,66486ca2,jensenemi,2025-09-30,13:38:21,-07:00,2025-09-30T13:38:21-07:00,2,36
index.html,14,html,66486ca2,jensenemi,2025-09-30,13:38:21,-07:00,2025-09-30T13:38:21-07:00,2,38
index.html,15,html,2bbad1a2,jensenemi,2025-10-01,16:37:38,-07:00,2025-10-01T16:37:38-07:00,2,34
index.html,16,html,1c658988,jensenemi,2025-11-03,22:37:08,-08:00,2025-11-03T22:37:08-08:00,2,30
index.html,17,html,90503ebd,jensenemi,2025-09-30,13:29:51,-07:00,2025-09-30T13:29:51-07:00,2,61
index.html,18,html,6ab33783,jensenemi,2025-10-14,14:42:57,-07:00,2025-10-14T14:42:57-07:00,1,2
index.html,19,html,4ae39a45,jensenemi,2025-10-01,16:24:27,-07:00,2025-10-01T16:24:27-07:00,1,15
index.html,20,html,882d4ca0,jensenemi,2025-10-22,16:56:22,-07:00,2025-10-22T16:56:22-07:00,1,20
index.html,21,html,fbb19f50,jensenemi,2025-10-22,16:50:50,-07:00,2025-10-22T16:50:50-07:00,1,20
index.html,22,html,fbb19f50,jensenemi,2025-10-22,16:50:50,-07:00,2025-10-22T16:50:50-07:00,1,51
index.html,23,html,fbb19f50,jensenemi,2025-10-22,16:50:50,-07:00,2025-10-22T16:50:50-07:00,1,2
index.html,24,html,4ae39a45,jensenemi,2025-10-01,16:24:27,-07:00,2025-10-01T16:24:27-07:00,1,72
index.html,25,html,4ae39a45,jensenemi,2025-10-01,16:24:27,-07:00,2025-10-01T16:24:27-07:00,1,47
index.html,26,html,cbbdc427,jensenemi,2025-10-22,16:31:26,-07:00,2025-10-22T16:31:26-07:00,1,20
index.html,27,html,cbbdc427,jensenemi,2025-10-22,16:31:26,-07:00,2025-10-22T16:31:26-07:00,1,18
index.html,28,html,cbbdc427,jensenemi,2025-10-22,16:31:26,-07:00,2025-10-22T16:31:26-07:00,1,47
index.html,29,html,cbbdc427,jensenemi,2025-10-22,16:31:26,-07:00,2025-10-22T16:31:26-07:00,1,2
index.html,30,html,4679af70,jensenemi,2025-10-14,13:15:28,-07:00,2025-10-14T13:15:28-07:00,1,43
index.html,31,html,cbbdc427,jensenemi,2025-10-22,16:31:26,-07:00,2025-10-22T16:31:26-07:00,1,48
index.html,32,html,844dc306,jensenemi,2025-09-28,13:43:36,-07:00,2025-09-28T13:43:36-07:00,0,3
index.html,33,html,844dc306,jensenemi,2025-09-28,13:43:36,-07:00,2025-09-28T13:43:36-07:00,0,3
global.js,1,js,4679af70,jensenemi,2025-10-14,13:15:28,-07:00,2025-10-14T13:15:28-07:00,0,23
global.js,2,js,4679af70,jensenemi,2025-10-14,13:15:28,-07:00,2025-10-14T13:15:28-07:00,0,0
global.js,3,js,4679af70,jensenemi,2025-10-14,13:15:28,-07:00,2025-10-14T13:15:28-07:00,0,39
global.js,4,js,4679af70,jensenemi,2025-10-14,13:15:28,-07:00,2025-10-14T13:15:28-07:00,0,50
global.js,5,js,6c4d2a57,jensenemi,2025-10-14,13:35:27,-07:00,2025-10-14T13:35:27-07:00,0,0
global.js,6,js,6c4d2a57,jensenemi,2025-10-14,13:35:27,-07:00,2025-10-14T13:35:27-07:00,0,0
global.js,7,js,5f3c8d03,jensenemi,2025-10-14,13:44:12,-07:00,2025-10-14T13:44:12-07:00,0,27
global.js,8,js,5f3c8d03,jensenemi,2025-10-14,13:44:12,-07:00,2025-10-14T13:44:12-07:00,0,25
global.js,9,js,5f3c8d03,jensenemi,2025-10-14,13:44:12,-07:00,2025-10-14T13:44:12-07:00,0,36
global.js,10,js,5f3c8d03,jensenemi,2025-10-14,13:44:12,-07:00,2025-10-14T13:44:12-07:00,0,2
global.js,11,js,6c4d2a57,jensenemi,2025-10-14,13:35:27,-07:00,2025-10-14T13:35:27-07:00,0,0
global.js,12,js,5f3c8d03,jensenemi,2025-10-14,13:44:12,-07:00,2025-10-14T13:44:12-07:00,0,31
global.js,13,js,5f3c8d03,jensenemi,2025-10-14,13:44:12,-07:00,2025-10-14T13:44:12-07:00,0,71
global.js,14,js,5f3c8d03,jensenemi,2025-10-14,13:44:12,-07:00,2025-10-14T13:44:12-07:00,0,3
global.js,15,js,6c4d2a57,jensenemi,2025-10-14,13:35:27,-07:00,2025-10-14T13:35:27-07:00,0,0
global.js,16,js,5f3c8d03,jensenemi,2025-10-14,13:44:12,-07:00,2025-10-14T13:44:12-07:00,0,17
global.js,17,js,5f3c8d03,jensenemi,2025-10-14,13:44:12,-07:00,2025-10-14T13:44:12-07:00,0,40
global.js,18,js,5f3c8d03,jensenemi,2025-10-14,13:44:12,-07:00,2025-10-14T13:44:12-07:00,0,0
global.js,19,js,5f3c8d03,jensenemi,2025-10-14,13:44:12,-07:00,2025-10-14T13:44:12-07:00,0,0
global.js,20,js,6ab33783,jensenemi,2025-10-14,14:42:57,-07:00,2025-10-14T14:42:57-07:00,0,27
global.js,21,js,6ab33783,jensenemi,2025-10-14,14:42:57,-07:00,2025-10-14T14:42:57-07:00,0,38
global.js,22,js,6ab33783,jensenemi,2025-10-14,14:42:57,-07:00,2025-10-14T14:42:57-07:00,0,0
global.js,23,js,5f3c8d03,jensenemi,2025-10-14,13:44:12,-07:00,2025-10-14T13:44:12-07:00,0,9
global.js,24,js,5f3c8d03,jensenemi,2025-10-14,13:44:12,-07:00,2025-10-14T13:44:12-07:00,1,23
global.js,25,js,5f3c8d03,jensenemi,2025-10-14,13:44:12,-07:00,2025-10-14T13:44:12-07:00,1,36
global.js,26,js,5f3c8d03,jensenemi,2025-10-14,13:44:12,-07:00,2025-10-14T13:44:12-07:00,1,34
global.js,27,js,5f3c8d03,jensenemi,2025-10-14,13:44:12,-07:00,2025-10-14T13:44:12-07:00,1,32
global.js,28,js,7ae5d09d,jensenemi,2025-11-03,22:44:41,-08:00,2025-11-03T22:44:41-08:00,1,28
global.js,29,js,5f3c8d03,jensenemi,2025-10-14,13:44:12,-07:00,2025-10-14T13:44:12-07:00,1,52
global.js,30,js,5f3c8d03,jensenemi,2025-10-14,13:44:12,-07:00,2025-10-14T13:44:12-07:00,0,0
global.js,31,js,5f3c8d03,jensenemi,2025-10-14,13:44:12,-07:00,2025-10-14T13:44:12-07:00,0,0
global.js,32,js,5f3c8d03,jensenemi,2025-10-14,13:44:12,-07:00,2025-10-14T13:44:12-07:00,0,36
global.js,33,js,5f3c8d03,jensenemi,2025-10-14,13:44:12,-07:00,2025-10-14T13:44:12-07:00,0,23
global.js,34,js,5f3c8d03,jensenemi,2025-10-14,13:44:12,-07:00,2025-10-14T13:44:12-07:00,0,0
global.js,35,js,6668cb25,jensenemi,2025-10-14,15:35:28,-07:00,2025-10-14T15:35:28-07:00,0,29
global.js,36,js,6668cb25,jensenemi,2025-10-14,15:35:28,-07:00,2025-10-14T15:35:28-07:00,1,9
global.js,37,js,6668cb25,jensenemi,2025-10-14,15:35:28,-07:00,2025-10-14T15:35:28-07:00,1,0
global.js,38,js,6668cb25,jensenemi,2025-10-14,15:35:28,-07:00,2025-10-14T15:35:28-07:00,1,24
global.js,39,js,6668cb25,jensenemi,2025-10-14,15:35:28,-07:00,2025-10-14T15:35:28-07:00,2,2
global.js,40,js,6668cb25,jensenemi,2025-10-14,15:35:28,-07:00,2025-10-14T15:35:28-07:00,2,4
global.js,41,js,6668cb25,jensenemi,2025-10-14,15:35:28,-07:00,2025-10-14T15:35:28-07:00,3,41
global.js,42,js,6668cb25,jensenemi,2025-10-14,15:35:28,-07:00,2025-10-14T15:35:28-07:00,3,32
global.js,43,js,6668cb25,jensenemi,2025-10-14,15:35:28,-07:00,2025-10-14T15:35:28-07:00,3,30
global.js,44,js,6668cb25,jensenemi,2025-10-14,15:35:28,-07:00,2025-10-14T15:35:28-07:00,2,5
global.js,45,js,6668cb25,jensenemi,2025-10-14,15:35:28,-07:00,2025-10-14T15:35:28-07:00,1,6
global.js,46,js,6668cb25,jensenemi,2025-10-14,15:35:28,-07:00,2025-10-14T15:35:28-07:00,0,0
global.js,47,js,e4867aac,jensenemi,2025-10-14,15:51:05,-07:00,2025-10-14T15:51:05-07:00,0,0
global.js,48,js,1e63d426,jensenemi,2025-10-14,14:52:14,-07:00,2025-10-14T14:52:14-07:00,0,86
global.js,49,js,1e63d426,jensenemi,2025-10-14,14:52:14,-07:00,2025-10-14T14:52:14-07:00,0,34
global.js,50,js,05b64bed,jensenemi,2025-10-14,14:56:40,-07:00,2025-10-14T14:56:40-07:00,0,46
global.js,51,js,1e63d426,jensenemi,2025-10-14,14:52:14,-07:00,2025-10-14T14:52:14-07:00,0,0
global.js,52,js,5f3c8d03,jensenemi,2025-10-14,13:44:12,-07:00,2025-10-14T13:44:12-07:00,0,18
global.js,53,js,5f3c8d03,jensenemi,2025-10-14,13:44:12,-07:00,2025-10-14T13:44:12-07:00,1,12
global.js,54,js,5f3c8d03,jensenemi,2025-10-14,13:44:12,-07:00,2025-10-14T13:44:12-07:00,1,16
global.js,55,js,1e63d426,jensenemi,2025-10-14,14:52:14,-07:00,2025-10-14T14:52:14-07:00,1,26
global.js,56,js,1e63d426,jensenemi,2025-10-14,14:52:14,-07:00,2025-10-14T14:52:14-07:00,2,50
global.js,57,js,6f71c239,jensenemi,2025-10-14,15:07:28,-07:00,2025-10-14T15:07:28-07:00,1,0
global.js,58,js,3e87b821,jensenemi,2025-10-14,15:00:14,-07:00,2025-10-14T15:00:14-07:00,1,32
global.js,59,js,3e87b821,jensenemi,2025-10-14,15:00:14,-07:00,2025-10-14T15:00:14-07:00,1,9
global.js,60,js,3e87b821,jensenemi,2025-10-14,15:00:14,-07:00,2025-10-14T15:00:14-07:00,1,18
global.js,61,js,6f71c239,jensenemi,2025-10-14,15:07:28,-07:00,2025-10-14T15:07:28-07:00,1,15
global.js,62,js,6f71c239,jensenemi,2025-10-14,15:07:28,-07:00,2025-10-14T15:07:28-07:00,2,6
global.js,63,js,6f71c239,jensenemi,2025-10-14,15:07:28,-07:00,2025-10-14T15:07:28-07:00,2,57
global.js,64,js,6f71c239,jensenemi,2025-10-14,15:07:28,-07:00,2025-10-14T15:07:28-07:00,1,0
global.js,65,js,6f71c239,jensenemi,2025-10-14,15:07:28,-07:00,2025-10-14T15:07:28-07:00,1,50
global.js,66,js,3e87b821,jensenemi,2025-10-14,15:00:14,-07:00,2025-10-14T15:00:14-07:00,1,10
global.js,67,js,0d81a16a,jensenemi,2025-10-14,13:55:37,-07:00,2025-10-14T13:55:37-07:00,0,0
global.js,68,js,0d81a16a,jensenemi,2025-10-14,13:55:37,-07:00,2025-10-14T13:55:37-07:00,0,0
global.js,69,js,e4867aac,jensenemi,2025-10-14,15:51:05,-07:00,2025-10-14T15:51:05-07:00,0,58
global.js,70,js,463732d6,jensenemi,2025-10-14,15:58:38,-07:00,2025-10-14T15:58:38-07:00,0,31
global.js,71,js,463732d6,jensenemi,2025-10-14,15:58:38,-07:00,2025-10-14T15:58:38-07:00,1,35
global.js,72,js,463732d6,jensenemi,2025-10-14,15:58:38,-07:00,2025-10-14T15:58:38-07:00,1,62
global.js,73,js,463732d6,jensenemi,2025-10-14,15:58:38,-07:00,2025-10-14T15:58:38-07:00,1,17
global.js,74,js,463732d6,jensenemi,2025-10-14,15:58:38,-07:00,2025-10-14T15:58:38-07:00,0,0
global.js,75,js,e4867aac,jensenemi,2025-10-14,15:51:05,-07:00,2025-10-14T15:51:05-07:00,0,47
global.js,76,js,e4867aac,jensenemi,2025-10-14,15:51:05,-07:00,2025-10-14T15:51:05-07:00,1,55
global.js,77,js,3a6d0b33,jensenemi,2025-10-14,15:52:58,-07:00,2025-10-14T15:52:58-07:00,1,75
global.js,78,js,463732d6,jensenemi,2025-10-14,15:58:38,-07:00,2025-10-14T15:58:38-07:00,1,42
global.js,79,js,e4867aac,jensenemi,2025-10-14,15:51:05,-07:00,2025-10-14T15:51:05-07:00,0,0
global.js,80,js,99758358,jensenemi,2025-10-14,16:15:03,-07:00,2025-10-14T16:15:03-07:00,0,0
global.js,81,js,99758358,jensenemi,2025-10-14,16:15:03,-07:00,2025-10-14T16:15:03-07:00,0,40
global.js,82,js,99758358,jensenemi,2025-10-14,16:15:03,-07:00,2025-10-14T16:15:03-07:00,0,46
global.js,83,js,99758358,jensenemi,2025-10-14,16:15:03,-07:00,2025-10-14T16:15:03-07:00,1,19
global.js,84,js,1fddd9bc,jensenemi,2025-10-14,16:23:10,-07:00,2025-10-14T16:23:10-07:00,1,28
global.js,85,js,1fddd9bc,jensenemi,2025-10-14,16:23:10,-07:00,2025-10-14T16:23:10-07:00,1,12
global.js,86,js,1fddd9bc,jensenemi,2025-10-14,16:23:10,-07:00,2025-10-14T16:23:10-07:00,1,29
global.js,87,js,7ba439a2,jensenemi,2025-10-14,16:23:28,-07:00,2025-10-14T16:23:28-07:00,2,48
global.js,88,js,1fddd9bc,jensenemi,2025-10-14,16:23:10,-07:00,2025-10-14T16:23:10-07:00,1,0
global.js,89,js,1fddd9bc,jensenemi,2025-10-14,16:23:10,-07:00,2025-10-14T16:23:10-07:00,1,45
global.js,90,js,1fddd9bc,jensenemi,2025-10-14,16:23:10,-07:00,2025-10-14T16:23:10-07:00,1,16
global.js,91,js,06825d04,jensenemi,2025-10-22,13:06:02,-07:00,2025-10-22T13:06:02-07:00,0,0
global.js,92,js,06825d04,jensenemi,2025-10-22,13:06:02,-07:00,2025-10-22T13:06:02-07:00,0,0
global.js,93,js,06825d04,jensenemi,2025-10-22,13:06:02,-07:00,2025-10-22T13:06:02-07:00,0,34
global.js,94,js,06825d04,jensenemi,2025-10-22,13:06:02,-07:00,2025-10-22T13:06:02-07:00,0,1
global.js,95,js,06825d04,jensenemi,2025-10-22,13:06:02,-07:00,2025-10-22T13:06:02-07:00,1,37
global.js,96,js,06825d04,jensenemi,2025-10-22,13:06:02,-07:00,2025-10-22T13:06:02-07:00,1,30
global.js,97,js,f99c0b09,jensenemi,2025-10-22,13:41:49,-07:00,2025-10-22T13:41:49-07:00,1,17
global.js,98,js,06825d04,jensenemi,2025-10-22,13:06:02,-07:00,2025-10-22T13:06:02-07:00,1,15
global.js,99,js,06825d04,jensenemi,2025-10-22,13:06:02,-07:00,2025-10-22T13:06:02-07:00,1,64
global.js,100,js,06825d04,jensenemi,2025-10-22,13:06:02,-07:00,2025-10-22T13:06:02-07:00,1,0
global.js,101,js,da8bf8c0,jensenemi,2025-10-22,13:47:43,-07:00,2025-10-22T13:47:43-07:00,1,31
global.js,102,js,da8bf8c0,jensenemi,2025-10-22,13:47:43,-07:00,2025-10-22T13:47:43-07:00,1,8
global.js,103,js,06825d04,jensenemi,2025-10-22,13:06:02,-07:00,2025-10-22T13:06:02-07:00,0,13
global.js,104,js,06825d04,jensenemi,2025-10-22,13:06:02,-07:00,2025-10-22T13:06:02-07:00,1,57
global.js,105,js,06825d04,jensenemi,2025-10-22,13:06:02,-07:00,2025-10-22T13:06:02-07:00,0,0
global.js,106,js,f99c0b09,jensenemi,2025-10-22,13:41:49,-07:00,2025-10-22T13:41:49-07:00,0,0
global.js,107,js,9bbaa61d,jensenemi,2025-10-22,14:02:29,-07:00,2025-10-22T14:02:29-07:00,0,0
global.js,108,js,ca8dee79,jensenemi,2025-10-22,15:59:32,-07:00,2025-10-22T15:59:32-07:00,0,77
global.js,109,js,c8c2f86a,jensenemi,2025-10-22,14:06:02,-07:00,2025-10-22T14:06:02-07:00,0,21
global.js,110,js,c8c2f86a,jensenemi,2025-10-22,14:06:02,-07:00,2025-10-22T14:06:02-07:00,0,28
global.js,111,js,ca8dee79,jensenemi,2025-10-22,15:59:32,-07:00,2025-10-22T15:59:32-07:00,0,25
global.js,112,js,c8c2f86a,jensenemi,2025-10-22,14:06:02,-07:00,2025-10-22T14:06:02-07:00,1,46
global.js,113,js,c8c2f86a,jensenemi,2025-10-22,14:06:02,-07:00,2025-10-22T14:06:02-07:00,1,17
global.js,114,js,ab2c3d7c,jensenemi,2025-10-25,14:44:51,-07:00,2025-10-25T14:44:51-07:00,1,47
global.js,115,js,c8c2f86a,jensenemi,2025-10-22,14:06:02,-07:00,2025-10-22T14:06:02-07:00,1,47
global.js,116,js,ab2c3d7c,jensenemi,2025-10-25,14:44:51,-07:00,2025-10-25T14:44:51-07:00,1,22
global.js,117,js,ab2c3d7c,jensenemi,2025-10-25,14:44:51,-07:00,2025-10-25T14:44:51-07:00,2,53
global.js,118,js,ab2c3d7c,jensenemi,2025-10-25,14:44:51,-07:00,2025-10-25T14:44:51-07:00,2,39
global.js,119,js,ab2c3d7c,jensenemi,2025-10-25,14:44:51,-07:00,2025-10-25T14:44:51-07:00,1,2
global.js,120,js,ab2c3d7c,jensenemi,2025-10-25,14:44:51,-07:00,2025-10-25T14:44:51-07:00,0,0
global.js,121,js,ab2c3d7c,jensenemi,2025-10-25,14:44:51,-07:00,2025-10-25T14:44:51-07:00,0,0
global.js,122,js,ab2c3d7c,jensenemi,2025-10-25,14:44:51,-07:00,2025-10-25T14:44:51-07:00,1,34
global.js,123,js,c8c2f86a,jensenemi,2025-10-22,14:06:02,-07:00,2025-10-22T14:06:02-07:00,0,0
global.js,124,js,c8c2f86a,jensenemi,2025-10-22,14:06:02,-07:00,2025-10-22T14:06:02-07:00,0,0
global.js,125,js,fbb19f50,jensenemi,2025-10-22,16:50:50,-07:00,2025-10-22T16:50:50-07:00,0,0
global.js,126,js,fbb19f50,jensenemi,2025-10-22,16:50:50,-07:00,2025-10-22T16:50:50-07:00,0,45
global.js,127,js,fbb19f50,jensenemi,2025-10-22,16:50:50,-07:00,2025-10-22T16:50:50-07:00,0,20
global.js,128,js,fbb19f50,jensenemi,2025-10-22,16:50:50,-07:00,2025-10-22T16:50:50-07:00,0,57
global.js,129,js,fbb19f50,jensenemi,2025-10-22,16:50:50,-07:00,2025-10-22T16:50:50-07:00,0,0
resume/index.html,1,html,4f3c20ba,jensenemi,2025-10-01,16:30:56,-07:00,2025-10-01T16:30:56-07:00,0,11
resume/index.html,2,html,4f3c20ba,jensenemi,2025-10-01,16:30:56,-07:00,2025-10-01T16:30:56-07:00,0,12
resume/index.html,3,html,4f3c20ba,jensenemi,2025-10-01,16:30:56,-07:00,2025-10-01T16:30:56-07:00,0,2
resume/index.html,4,html,4f3c20ba,jensenemi,2025-10-01,16:30:56,-07:00,2025-10-01T16:30:56-07:00,1,18
resume/index.html,5,html,4f3c20ba,jensenemi,2025-10-01,16:30:56,-07:00,2025-10-01T16:30:56-07:00,1,49
resume/index.html,6,html,4f3c20ba,jensenemi,2025-10-01,16:30:56,-07:00,2025-10-01T16:30:56-07:00,1,66
resume/index.html,7,html,4f3c20ba,jensenemi,2025-10-01,16:30:56,-07:00,2025-10-01T16:30:56-07:00,1,17
resume/index.html,8,html,4f3c20ba,jensenemi,2025-10-01,16:30:56,-07:00,2025-10-01T16:30:56-07:00,1,39
resume/index.html,9,html,4f3c20ba,jensenemi,2025-10-01,16:30:56,-07:00,2025-10-01T16:30:56-07:00,0,3
resume/index.html,10,html,4f3c20ba,jensenemi,2025-10-01,16:30:56,-07:00,2025-10-01T16:30:56-07:00,0,2
resume/index.html,11,html,6ab33783,jensenemi,2025-10-14,14:42:57,-07:00,2025-10-14T14:42:57-07:00,1,1
resume/index.html,12,html,4f3c20ba,jensenemi,2025-10-01,16:30:56,-07:00,2025-10-01T16:30:56-07:00,2,28
resume/index.html,13,html,4f3c20ba,jensenemi,2025-10-01,16:30:56,-07:00,2025-10-01T16:30:56-07:00,2,39
resume/index.html,14,html,4f3c20ba,jensenemi,2025-10-01,16:30:56,-07:00,2025-10-01T16:30:56-07:00,2,41
resume/index.html,15,html,0f6eae09,jensenemi,2025-10-08,15:47:57,-07:00,2025-10-08T15:47:57-07:00,2,43
resume/index.html,16,html,1c658988,jensenemi,2025-11-03,22:37:08,-08:00,2025-11-03T22:37:08-08:00,2,33
resume/index.html,17,html,4f3c20ba,jensenemi,2025-10-01,16:30:56,-07:00,2025-10-01T16:30:56-07:00,2,61
resume/index.html,18,html,6ab33783,jensenemi,2025-10-14,14:42:57,-07:00,2025-10-14T14:42:57-07:00,1,2
resume/index.html,19,html,4882acb9,jensenemi,2025-10-08,22:51:10,-07:00,2025-10-08T22:51:10-07:00,1,11
resume/index.html,20,html,ed0afc3f,jensenemi,2025-10-01,16:34:44,-07:00,2025-10-01T16:34:44-07:00,1,5
resume/index.html,21,html,2bbad1a2,jensenemi,2025-10-01,16:37:38,-07:00,2025-10-01T16:37:38-07:00,2,14
resume/index.html,22,html,57cf59c7,jensenemi,2025-10-01,16:40:58,-07:00,2025-10-01T16:40:58-07:00,2,5
resume/index.html,23,html,57cf59c7,jensenemi,2025-10-01,16:40:58,-07:00,2025-10-01T16:40:58-07:00,3,39
resume/index.html,24,html,57cf59c7,jensenemi,2025-10-01,16:40:58,-07:00,2025-10-01T16:40:58-07:00,3,65
resume/index.html,25,html,57cf59c7,jensenemi,2025-10-01,16:40:58,-07:00,2025-10-01T16:40:58-07:00,3,11
resume/index.html,26,html,c3c033d8,jensenemi,2025-10-01,17:06:27,-07:00,2025-10-01T17:06:27-07:00,3,79
resume/index.html,27,html,bc37fd65,jensenemi,2025-10-01,16:46:05,-07:00,2025-10-01T16:46:05-07:00,2,6
resume/index.html,28,html,bc37fd65,jensenemi,2025-10-01,16:46:05,-07:00,2025-10-01T16:46:05-07:00,1,6
resume/index.html,29,html,bc37fd65,jensenemi,2025-10-01,16:46:05,-07:00,2025-10-01T16:46:05-07:00,1,5
resume/index.html,30,html,bc37fd65,jensenemi,2025-10-01,16:46:05,-07:00,2025-10-01T16:46:05-07:00,2,15
resume/index.html,31,html,bc37fd65,jensenemi,2025-10-01,16:46:05,-07:00,2025-10-01T16:46:05-07:00,2,5
resume/index.html,32,html,bc37fd65,jensenemi,2025-10-01,16:46:05,-07:00,2025-10-01T16:46:05-07:00,3,59
resume/index.html,33,html,bc37fd65,jensenemi,2025-10-01,16:46:05,-07:00,2025-10-01T16:46:05-07:00,3,0
resume/index.html,34,html,bc37fd65,jensenemi,2025-10-01,16:46:05,-07:00,2025-10-01T16:46:05-07:00,4,64
resume/index.html,35,html,bc37fd65,jensenemi,2025-10-01,16:46:05,-07:00,2025-10-01T16:46:05-07:00,4,67
resume/index.html,36,html,bc37fd65,jensenemi,2025-10-01,16:46:05,-07:00,2025-10-01T16:46:05-07:00,4,60
resume/index.html,37,html,bc37fd65,jensenemi,2025-10-01,16:46:05,-07:00,2025-10-01T16:46:05-07:00,3,1
resume/index.html,38,html,ab480791,jensenemi,2025-10-01,16:52:38,-07:00,2025-10-01T16:52:38-07:00,3,43
resume/index.html,39,html,ab480791,jensenemi,2025-10-01,16:52:38,-07:00,2025-10-01T16:52:38-07:00,3,0
resume/index.html,40,html,ab480791,jensenemi,2025-10-01,16:52:38,-07:00,2025-10-01T16:52:38-07:00,4,77
resume/index.html,41,html,ab480791,jensenemi,2025-10-01,16:52:38,-07:00,2025-10-01T16:52:38-07:00,4,73
resume/index.html,42,html,ab480791,jensenemi,2025-10-01,16:52:38,-07:00,2025-10-01T16:52:38-07:00,3,1
resume/index.html,43,html,ab480791,jensenemi,2025-10-01,16:52:38,-07:00,2025-10-01T16:52:38-07:00,3,64
resume/index.html,44,html,ab480791,jensenemi,2025-10-01,16:52:38,-07:00,2025-10-01T16:52:38-07:00,3,0
resume/index.html,45,html,bdd9b222,jensenemi,2025-10-08,19:29:22,-07:00,2025-10-08T19:29:22-07:00,4,81
resume/index.html,46,html,ab480791,jensenemi,2025-10-01,16:52:38,-07:00,2025-10-01T16:52:38-07:00,4,45
resume/index.html,47,html,ab480791,jensenemi,2025-10-01,16:52:38,-07:00,2025-10-01T16:52:38-07:00,3,1
resume/index.html,48,html,57cf59c7,jensenemi,2025-10-01,16:40:58,-07:00,2025-10-01T16:40:58-07:00,2,6
resume/index.html,49,html,ed0afc3f,jensenemi,2025-10-01,16:34:44,-07:00,2025-10-01T16:34:44-07:00,1,6
resume/index.html,50,html,9e33e4eb,jensenemi,2025-10-01,17:01:00,-07:00,2025-10-01T17:01:00-07:00,1,5
resume/index.html,51,html,9e33e4eb,jensenemi,2025-10-01,17:01:00,-07:00,2025-10-01T17:01:00-07:00,2,24
resume/index.html,52,html,9e33e4eb,jensenemi,2025-10-01,17:01:00,-07:00,2025-10-01T17:01:00-07:00,2,5
resume/index.html,53,html,9e33e4eb,jensenemi,2025-10-01,17:01:00,-07:00,2025-10-01T17:01:00-07:00,3,81
resume/index.html,54,html,9e33e4eb,jensenemi,2025-10-01,17:01:00,-07:00,2025-10-01T17:01:00-07:00,3,122
resume/index.html,55,html,9e33e4eb,jensenemi,2025-10-01,17:01:00,-07:00,2025-10-01T17:01:00-07:00,3,24
resume/index.html,56,html,9e33e4eb,jensenemi,2025-10-01,17:01:00,-07:00,2025-10-01T17:01:00-07:00,3,155
resume/index.html,57,html,9e33e4eb,jensenemi,2025-10-01,17:01:00,-07:00,2025-10-01T17:01:00-07:00,3,76
resume/index.html,58,html,9e33e4eb,jensenemi,2025-10-01,17:01:00,-07:00,2025-10-01T17:01:00-07:00,3,161
resume/index.html,59,html,9e33e4eb,jensenemi,2025-10-01,17:01:00,-07:00,2025-10-01T17:01:00-07:00,3,48
resume/index.html,60,html,9e33e4eb,jensenemi,2025-10-01,17:01:00,-07:00,2025-10-01T17:01:00-07:00,3,132
resume/index.html,61,html,9e33e4eb,jensenemi,2025-10-01,17:01:00,-07:00,2025-10-01T17:01:00-07:00,3,35
resume/index.html,62,html,9e33e4eb,jensenemi,2025-10-01,17:01:00,-07:00,2025-10-01T17:01:00-07:00,3,156
resume/index.html,63,html,9e33e4eb,jensenemi,2025-10-01,17:01:00,-07:00,2025-10-01T17:01:00-07:00,2,6
resume/index.html,64,html,9e33e4eb,jensenemi,2025-10-01,17:01:00,-07:00,2025-10-01T17:01:00-07:00,1,6
resume/index.html,65,html,f0f070b2,jensenemi,2025-10-02,14:38:28,-07:00,2025-10-02T14:38:28-07:00,1,5
resume/index.html,66,html,f0f070b2,jensenemi,2025-10-02,14:38:28,-07:00,2025-10-02T14:38:28-07:00,2,17
resume/index.html,67,html,f0f070b2,jensenemi,2025-10-02,14:38:28,-07:00,2025-10-02T14:38:28-07:00,2,5
resume/index.html,68,html,f0f070b2,jensenemi,2025-10-02,14:38:28,-07:00,2025-10-02T14:38:28-07:00,3,65
resume/index.html,69,html,f0f070b2,jensenemi,2025-10-02,14:38:28,-07:00,2025-10-02T14:38:28-07:00,3,46
resume/index.html,70,html,f0f070b2,jensenemi,2025-10-02,14:38:28,-07:00,2025-10-02T14:38:28-07:00,3,97
resume/index.html,71,html,f0f070b2,jensenemi,2025-10-02,14:38:28,-07:00,2025-10-02T14:38:28-07:00,3,74
resume/index.html,72,html,f0f070b2,jensenemi,2025-10-02,14:38:28,-07:00,2025-10-02T14:38:28-07:00,3,91
resume/index.html,73,html,f0f070b2,jensenemi,2025-10-02,14:38:28,-07:00,2025-10-02T14:38:28-07:00,3,89
resume/index.html,74,html,f0f070b2,jensenemi,2025-10-02,14:38:28,-07:00,2025-10-02T14:38:28-07:00,2,6
resume/index.html,75,html,f0f070b2,jensenemi,2025-10-02,14:38:28,-07:00,2025-10-02T14:38:28-07:00,1,6
resume/index.html,76,html,dab9c241,jensenemi,2025-10-14,13:21:42,-07:00,2025-10-14T13:21:42-07:00,1,46
resume/index.html,77,html,4f3c20ba,jensenemi,2025-10-01,16:30:56,-07:00,2025-10-01T16:30:56-07:00,0,3
resume/index.html,78,html,4f3c20ba,jensenemi,2025-10-01,16:30:56,-07:00,2025-10-01T16:30:56-07:00,0,3
projects/projects.js,1,js,45be1010,jensenemi,2025-10-22,13:50:03,-07:00,2025-10-22T13:50:03-07:00,0,53
projects/projects.js,2,js,0b045745,jensenemi,2025-10-25,15:11:02,-07:00,2025-10-25T15:11:02-07:00,0,61
projects/projects.js,3,js,9bbaa61d,jensenemi,2025-10-22,14:02:29,-07:00,2025-10-22T14:02:29-07:00,0,0
projects/projects.js,4,js,9bbaa61d,jensenemi,2025-10-22,14:02:29,-07:00,2025-10-22T14:02:29-07:00,0,10
projects/projects.js,5,js,e9c9971e,jensenemi,2025-10-25,16:27:11,-07:00,2025-10-25T16:27:11-07:00,1,53
projects/projects.js,6,js,9bbaa61d,jensenemi,2025-10-22,14:02:29,-07:00,2025-10-22T14:02:29-07:00,1,58
projects/projects.js,7,js,3fd5abeb,jensenemi,2025-10-22,16:20:11,-07:00,2025-10-22T16:20:11-07:00,1,60
projects/projects.js,8,js,c6edcdea,jensenemi,2025-10-25,17:09:52,-07:00,2025-10-25T17:09:52-07:00,1,53
projects/projects.js,9,js,6534c1ce,jensenemi,2025-10-25,17:21:26,-07:00,2025-10-25T17:21:26-07:00,0,0
projects/projects.js,10,js,c6edcdea,jensenemi,2025-10-25,17:09:52,-07:00,2025-10-25T17:09:52-07:00,1,46
projects/projects.js,11,js,3fd5abeb,jensenemi,2025-10-22,16:20:11,-07:00,2025-10-22T16:20:11-07:00,1,16
projects/projects.js,12,js,3fd5abeb,jensenemi,2025-10-22,16:20:11,-07:00,2025-10-22T16:20:11-07:00,2,54
projects/projects.js,13,js,3fd5abeb,jensenemi,2025-10-22,16:20:11,-07:00,2025-10-22T16:20:11-07:00,1,0
projects/projects.js,14,js,e9c9971e,jensenemi,2025-10-25,16:27:11,-07:00,2025-10-25T16:27:11-07:00,0,0
projects/projects.js,15,js,81c5c4d2,jensenemi,2025-10-25,19:25:47,-07:00,2025-10-25T19:25:47-07:00,1,19
projects/projects.js,16,js,c6edcdea,jensenemi,2025-10-25,17:09:52,-07:00,2025-10-25T17:09:52-07:00,1,36
projects/projects.js,17,js,c6edcdea,jensenemi,2025-10-25,17:09:52,-07:00,2025-10-25T17:09:52-07:00,2,27
projects/projects.js,18,js,c6edcdea,jensenemi,2025-10-25,17:09:52,-07:00,2025-10-25T17:09:52-07:00,3,10
projects/projects.js,19,js,c6edcdea,jensenemi,2025-10-25,17:09:52,-07:00,2025-10-25T17:09:52-07:00,3,12
projects/projects.js,20,js,c6edcdea,jensenemi,2025-10-25,17:09:52,-07:00,2025-10-25T17:09:52-07:00,3,10
projects/projects.js,21,js,c6edcdea,jensenemi,2025-10-25,17:09:52,-07:00,2025-10-25T17:09:52-07:00,2,0
projects/projects.js,22,js,c6edcdea,jensenemi,2025-10-25,17:09:52,-07:00,2025-10-25T17:09:52-07:00,2,48
projects/projects.js,23,js,c6edcdea,jensenemi,2025-10-25,17:09:52,-07:00,2025-10-25T17:09:52-07:00,3,33
projects/projects.js,24,js,c6edcdea,jensenemi,2025-10-25,17:09:52,-07:00,2025-10-25T17:09:52-07:00,2,0
projects/projects.js,25,js,c6edcdea,jensenemi,2025-10-25,17:09:52,-07:00,2025-10-25T17:09:52-07:00,2,26
projects/projects.js,26,js,c6edcdea,jensenemi,2025-10-25,17:09:52,-07:00,2025-10-25T17:09:52-07:00,2,30
projects/projects.js,27,js,c6edcdea,jensenemi,2025-10-25,17:09:52,-07:00,2025-10-25T17:09:52-07:00,2,30
projects/projects.js,28,js,c6edcdea,jensenemi,2025-10-25,17:09:52,-07:00,2025-10-25T17:09:52-07:00,2,27
projects/projects.js,29,js,392383a7,jensenemi,2025-10-25,15:26:48,-07:00,2025-10-25T15:26:48-07:00,0,0
projects/projects.js,30,js,c6edcdea,jensenemi,2025-10-25,17:09:52,-07:00,2025-10-25T17:09:52-07:00,2,55
projects/projects.js,31,js,c6edcdea,jensenemi,2025-10-25,17:09:52,-07:00,2025-10-25T17:09:52-07:00,2,48
projects/projects.js,32,js,cc49477a,jensenemi,2025-10-25,17:15:19,-07:00,2025-10-25T17:15:19-07:00,2,34
projects/projects.js,33,js,c6edcdea,jensenemi,2025-10-25,17:09:52,-07:00,2025-10-25T17:09:52-07:00,2,43
projects/projects.js,34,js,551b3e77,jensenemi,2025-10-25,15:44:19,-07:00,2025-10-25T15:44:19-07:00,0,0
projects/projects.js,35,js,c6edcdea,jensenemi,2025-10-25,17:09:52,-07:00,2025-10-25T17:09:52-07:00,2,45
projects/projects.js,36,js,c6edcdea,jensenemi,2025-10-25,17:09:52,-07:00,2025-10-25T17:09:52-07:00,2,24
projects/projects.js,37,js,81c5c4d2,jensenemi,2025-10-25,19:25:47,-07:00,2025-10-25T19:25:47-07:00,3,2
projects/projects.js,38,js,81c5c4d2,jensenemi,2025-10-25,19:25:47,-07:00,2025-10-25T19:25:47-07:00,4,11
projects/projects.js,39,js,81c5c4d2,jensenemi,2025-10-25,19:25:47,-07:00,2025-10-25T19:25:47-07:00,4,11
projects/projects.js,40,js,81c5c4d2,jensenemi,2025-10-25,19:25:47,-07:00,2025-10-25T19:25:47-07:00,4,22
projects/projects.js,41,js,81c5c4d2,jensenemi,2025-10-25,19:25:47,-07:00,2025-10-25T19:25:47-07:00,4,16
projects/projects.js,42,js,81c5c4d2,jensenemi,2025-10-25,19:25:47,-07:00,2025-10-25T19:25:47-07:00,5,45
projects/projects.js,43,js,81c5c4d2,jensenemi,2025-10-25,19:25:47,-07:00,2025-10-25T19:25:47-07:00,5,2
projects/projects.js,44,js,c3a52502,jensenemi,2025-10-25,20:24:12,-07:00,2025-10-25T20:24:12-07:00,6,14
projects/projects.js,45,js,2790aa16,jensenemi,2025-10-25,20:42:46,-07:00,2025-10-25T20:42:46-07:00,6,66
projects/projects.js,46,js,c3a52502,jensenemi,2025-10-25,20:24:12,-07:00,2025-10-25T20:24:12-07:00,5,2
projects/projects.js,47,js,c3a52502,jensenemi,2025-10-25,20:24:12,-07:00,2025-10-25T20:24:12-07:00,6,12
projects/projects.js,48,js,3942d8ac,jensenemi,2025-10-25,20:57:23,-07:00,2025-10-25T20:57:23-07:00,6,89
projects/projects.js,49,js,f783edd3,jensenemi,2025-10-25,21:04:32,-07:00,2025-10-25T21:04:32-07:00,0,0
projects/projects.js,50,js,f783edd3,jensenemi,2025-10-25,21:04:32,-07:00,2025-10-25T21:04:32-07:00,5,23
projects/projects.js,51,js,f783edd3,jensenemi,2025-10-25,21:04:32,-07:00,2025-10-25T21:04:32-07:00,6,46
projects/projects.js,52,js,f783edd3,jensenemi,2025-10-25,21:04:32,-07:00,2025-10-25T21:04:32-07:00,5,4
projects/projects.js,53,js,f783edd3,jensenemi,2025-10-25,21:04:32,-07:00,2025-10-25T21:04:32-07:00,6,38
projects/projects.js,54,js,f783edd3,jensenemi,2025-10-25,21:04:32,-07:00,2025-10-25T21:04:32-07:00,6,70
projects/projects.js,55,js,f783edd3,jensenemi,2025-10-25,21:04:32,-07:00,2025-10-25T21:04:32-07:00,6,54
projects/projects.js,56,js,f783edd3,jensenemi,2025-10-25,21:04:32,-07:00,2025-10-25T21:04:32-07:00,5,0
projects/projects.js,57,js,c3a52502,jensenemi,2025-10-25,20:24:12,-07:00,2025-10-25T20:24:12-07:00,4,0
projects/projects.js,58,js,c6edcdea,jensenemi,2025-10-25,17:09:52,-07:00,2025-10-25T17:09:52-07:00,2,0
projects/projects.js,59,js,c6edcdea,jensenemi,2025-10-25,17:09:52,-07:00,2025-10-25T17:09:52-07:00,0,0
projects/projects.js,60,js,c6edcdea,jensenemi,2025-10-25,17:09:52,-07:00,2025-10-25T17:09:52-07:00,2,25
projects/projects.js,61,js,c6edcdea,jensenemi,2025-10-25,17:09:52,-07:00,2025-10-25T17:09:52-07:00,3,2
projects/projects.js,62,js,6534c1ce,jensenemi,2025-10-25,17:21:26,-07:00,2025-10-25T17:21:26-07:00,4,9
projects/projects.js,63,js,6534c1ce,jensenemi,2025-10-25,17:21:26,-07:00,2025-10-25T17:21:26-07:00,4,25
projects/projects.js,64,js,6534c1ce,jensenemi,2025-10-25,17:21:26,-07:00,2025-10-25T17:21:26-07:00,4,91
projects/projects.js,65,js,6534c1ce,jensenemi,2025-10-25,17:21:26,-07:00,2025-10-25T17:21:26-07:00,4,97
projects/projects.js,66,js,c6edcdea,jensenemi,2025-10-25,17:09:52,-07:00,2025-10-25T17:09:52-07:00,2,0
projects/projects.js,67,js,c6edcdea,jensenemi,2025-10-25,17:09:52,-07:00,2025-10-25T17:09:52-07:00,1,0
projects/projects.js,68,js,c6edcdea,jensenemi,2025-10-25,17:09:52,-07:00,2025-10-25T17:09:52-07:00,1,21
projects/projects.js,69,js,c144e554,jensenemi,2025-10-25,16:45:42,-07:00,2025-10-25T16:45:42-07:00,0,0
projects/projects.js,70,js,34e19606,jensenemi,2025-10-25,17:23:49,-07:00,2025-10-25T17:23:49-07:00,1,46
projects/projects.js,71,js,6534c1ce,jensenemi,2025-10-25,17:21:26,-07:00,2025-10-25T17:21:26-07:00,2,41
projects/projects.js,72,js,6534c1ce,jensenemi,2025-10-25,17:21:26,-07:00,2025-10-25T17:21:26-07:00,2,45
projects/projects.js,73,js,6534c1ce,jensenemi,2025-10-25,17:21:26,-07:00,2025-10-25T17:21:26-07:00,3,58
projects/projects.js,74,js,6534c1ce,jensenemi,2025-10-25,17:21:26,-07:00,2025-10-25T17:21:26-07:00,2,0
projects/projects.js,75,js,6534c1ce,jensenemi,2025-10-25,17:21:26,-07:00,2025-10-25T17:21:26-07:00,2,0
projects/projects.js,76,js,c6edcdea,jensenemi,2025-10-25,17:09:52,-07:00,2025-10-25T17:09:52-07:00,2,54
projects/projects.js,77,js,c6edcdea,jensenemi,2025-10-25,17:09:52,-07:00,2025-10-25T17:09:52-07:00,2,28
projects/projects.js,78,js,8f80275d,jensenemi,2025-10-25,16:51:52,-07:00,2025-10-25T16:51:52-07:00,1,0
projects/projects.js,79,js,ef386212,jensenemi,2025-10-25,16:38:29,-07:00,2025-10-25T16:38:29-07:00,0,1
projects/index.html,1,html,1393b1d1,jensenemi,2025-09-28,15:03:09,-07:00,2025-09-28T15:03:09-07:00,0,11
projects/index.html,2,html,1393b1d1,jensenemi,2025-09-28,15:03:09,-07:00,2025-09-28T15:03:09-07:00,0,12
projects/index.html,3,html,1393b1d1,jensenemi,2025-09-28,15:03:09,-07:00,2025-09-28T15:03:09-07:00,0,2
projects/index.html,4,html,1393b1d1,jensenemi,2025-09-28,15:03:09,-07:00,2025-09-28T15:03:09-07:00,1,18
projects/index.html,5,html,1393b1d1,jensenemi,2025-09-28,15:03:09,-07:00,2025-09-28T15:03:09-07:00,1,49
projects/index.html,6,html,1393b1d1,jensenemi,2025-09-28,15:03:09,-07:00,2025-09-28T15:03:09-07:00,1,66
projects/index.html,7,html,1393b1d1,jensenemi,2025-09-28,15:03:09,-07:00,2025-09-28T15:03:09-07:00,1,19
projects/index.html,8,html,1781ac8d,jensenemi,2025-09-30,13:41:39,-07:00,2025-09-30T13:41:39-07:00,1,39
projects/index.html,9,html,1393b1d1,jensenemi,2025-09-28,15:03:09,-07:00,2025-09-28T15:03:09-07:00,0,3
projects/index.html,10,html,1393b1d1,jensenemi,2025-09-28,15:03:09,-07:00,2025-09-28T15:03:09-07:00,0,2
projects/index.html,11,html,6ab33783,jensenemi,2025-10-14,14:42:57,-07:00,2025-10-14T14:42:57-07:00,1,1
projects/index.html,12,html,1781ac8d,jensenemi,2025-09-30,13:41:39,-07:00,2025-09-30T13:41:39-07:00,2,28
projects/index.html,13,html,1781ac8d,jensenemi,2025-09-30,13:41:39,-07:00,2025-09-30T13:41:39-07:00,2,39
projects/index.html,14,html,0f6eae09,jensenemi,2025-10-08,15:47:57,-07:00,2025-10-08T15:47:57-07:00,2,45
projects/index.html,15,html,4f3c20ba,jensenemi,2025-10-01,16:30:56,-07:00,2025-10-01T16:30:56-07:00,2,37
projects/index.html,16,html,1c658988,jensenemi,2025-11-03,22:37:08,-08:00,2025-11-03T22:37:08-08:00,2,33
projects/index.html,17,html,1393b1d1,jensenemi,2025-09-28,15:03:09,-07:00,2025-09-28T15:03:09-07:00,2,61
projects/index.html,18,html,6ab33783,jensenemi,2025-10-14,14:42:57,-07:00,2025-10-14T14:42:57-07:00,1,2
projects/index.html,19,html,3fd5abeb,jensenemi,2025-10-22,16:20:11,-07:00,2025-10-22T16:20:11-07:00,1,36
projects/index.html,20,html,1f0678f5,jensenemi,2025-10-25,15:00:13,-07:00,2025-10-25T15:00:13-07:00,1,55
projects/index.html,21,html,eeb23431,jensenemi,2025-10-25,14:48:50,-07:00,2025-10-25T14:48:50-07:00,2,38
projects/index.html,22,html,1f0678f5,jensenemi,2025-10-25,15:00:13,-07:00,2025-10-25T15:00:13-07:00,1,6
projects/index.html,23,html,c2f9bf0d,jensenemi,2025-10-25,16:05:50,-07:00,2025-10-25T16:05:50-07:00,1,19
projects/index.html,24,html,c2f9bf0d,jensenemi,2025-10-25,16:05:50,-07:00,2025-10-25T16:05:50-07:00,2,50
projects/index.html,25,html,c2f9bf0d,jensenemi,2025-10-25,16:05:50,-07:00,2025-10-25T16:05:50-07:00,3,75
projects/index.html,26,html,c2f9bf0d,jensenemi,2025-10-25,16:05:50,-07:00,2025-10-25T16:05:50-07:00,2,2
projects/index.html,27,html,c2f9bf0d,jensenemi,2025-10-25,16:05:50,-07:00,2025-10-25T16:05:50-07:00,2,20
projects/index.html,28,html,c2f9bf0d,jensenemi,2025-10-25,16:05:50,-07:00,2025-10-25T16:05:50-07:00,1,2
projects/index.html,29,html,c144e554,jensenemi,2025-10-25,16:45:42,-07:00,2025-10-25T16:45:42-07:00,1,2
projects/index.html,30,html,c144e554,jensenemi,2025-10-25,16:45:42,-07:00,2025-10-25T16:45:42-07:00,1,13
projects/index.html,31,html,c144e554,jensenemi,2025-10-25,16:45:42,-07:00,2025-10-25T16:45:42-07:00,1,9
projects/index.html,32,html,c144e554,jensenemi,2025-10-25,16:45:42,-07:00,2025-10-25T16:45:42-07:00,1,24
projects/index.html,33,html,c144e554,jensenemi,2025-10-25,16:45:42,-07:00,2025-10-25T16:45:42-07:00,1,29
projects/index.html,34,html,c144e554,jensenemi,2025-10-25,16:45:42,-07:00,2025-10-25T16:45:42-07:00,1,0
projects/index.html,35,html,5e202ec0,jensenemi,2025-10-08,16:50:18,-07:00,2025-10-08T16:50:18-07:00,1,18
projects/index.html,36,html,c948f87d,jensenemi,2025-10-22,16:14:58,-07:00,2025-10-22T16:14:58-07:00,2,10
projects/index.html,37,html,5e202ec0,jensenemi,2025-10-08,16:50:18,-07:00,2025-10-08T16:50:18-07:00,3,27
projects/index.html,38,html,5e202ec0,jensenemi,2025-10-08,16:50:18,-07:00,2025-10-08T16:50:18-07:00,3,68
projects/index.html,39,html,5e202ec0,jensenemi,2025-10-08,16:50:18,-07:00,2025-10-08T16:50:18-07:00,3,218
projects/index.html,40,html,5e202ec0,jensenemi,2025-10-08,16:50:18,-07:00,2025-10-08T16:50:18-07:00,2,6
projects/index.html,41,html,5e202ec0,jensenemi,2025-10-08,16:50:18,-07:00,2025-10-08T16:50:18-07:00,2,5
projects/index.html,42,html,5e202ec0,jensenemi,2025-10-08,16:50:18,-07:00,2025-10-08T16:50:18-07:00,3,41
projects/index.html,43,html,5e202ec0,jensenemi,2025-10-08,16:50:18,-07:00,2025-10-08T16:50:18-07:00,3,68
projects/index.html,44,html,5e202ec0,jensenemi,2025-10-08,16:50:18,-07:00,2025-10-08T16:50:18-07:00,3,235
projects/index.html,45,html,5e202ec0,jensenemi,2025-10-08,16:50:18,-07:00,2025-10-08T16:50:18-07:00,2,6
projects/index.html,46,html,5e202ec0,jensenemi,2025-10-08,16:50:18,-07:00,2025-10-08T16:50:18-07:00,2,5
projects/index.html,47,html,5e202ec0,jensenemi,2025-10-08,16:50:18,-07:00,2025-10-08T16:50:18-07:00,3,34
projects/index.html,48,html,5e202ec0,jensenemi,2025-10-08,16:50:18,-07:00,2025-10-08T16:50:18-07:00,3,68
projects/index.html,49,html,5e202ec0,jensenemi,2025-10-08,16:50:18,-07:00,2025-10-08T16:50:18-07:00,3,220
projects/index.html,50,html,5e202ec0,jensenemi,2025-10-08,16:50:18,-07:00,2025-10-08T16:50:18-07:00,2,6
projects/index.html,51,html,5e202ec0,jensenemi,2025-10-08,16:50:18,-07:00,2025-10-08T16:50:18-07:00,2,5
projects/index.html,52,html,5e202ec0,jensenemi,2025-10-08,16:50:18,-07:00,2025-10-08T16:50:18-07:00,3,43
projects/index.html,53,html,5e202ec0,jensenemi,2025-10-08,16:50:18,-07:00,2025-10-08T16:50:18-07:00,3,68
projects/index.html,54,html,5e202ec0,jensenemi,2025-10-08,16:50:18,-07:00,2025-10-08T16:50:18-07:00,3,217
projects/index.html,55,html,5e202ec0,jensenemi,2025-10-08,16:50:18,-07:00,2025-10-08T16:50:18-07:00,2,6
projects/index.html,56,html,5e202ec0,jensenemi,2025-10-08,16:50:18,-07:00,2025-10-08T16:50:18-07:00,2,5
projects/index.html,57,html,5e202ec0,jensenemi,2025-10-08,16:50:18,-07:00,2025-10-08T16:50:18-07:00,3,33
projects/index.html,58,html,5e202ec0,jensenemi,2025-10-08,16:50:18,-07:00,2025-10-08T16:50:18-07:00,3,68
projects/index.html,59,html,5e202ec0,jensenemi,2025-10-08,16:50:18,-07:00,2025-10-08T16:50:18-07:00,3,248
projects/index.html,60,html,5e202ec0,jensenemi,2025-10-08,16:50:18,-07:00,2025-10-08T16:50:18-07:00,2,6
projects/index.html,61,html,5e202ec0,jensenemi,2025-10-08,16:50:18,-07:00,2025-10-08T16:50:18-07:00,2,5
projects/index.html,62,html,5e202ec0,jensenemi,2025-10-08,16:50:18,-07:00,2025-10-08T16:50:18-07:00,3,45
projects/index.html,63,html,5e202ec0,jensenemi,2025-10-08,16:50:18,-07:00,2025-10-08T16:50:18-07:00,3,68
projects/index.html,64,html,5e202ec0,jensenemi,2025-10-08,16:50:18,-07:00,2025-10-08T16:50:18-07:00,3,229
projects/index.html,65,html,c948f87d,jensenemi,2025-10-22,16:14:58,-07:00,2025-10-22T16:14:58-07:00,2,10
projects/index.html,66,html,c948f87d,jensenemi,2025-10-22,16:14:58,-07:00,2025-10-22T16:14:58-07:00,2,10
projects/index.html,67,html,5e202ec0,jensenemi,2025-10-08,16:50:18,-07:00,2025-10-08T16:50:18-07:00,3,34
projects/index.html,68,html,5e202ec0,jensenemi,2025-10-08,16:50:18,-07:00,2025-10-08T16:50:18-07:00,3,68
projects/index.html,69,html,5e202ec0,jensenemi,2025-10-08,16:50:18,-07:00,2025-10-08T16:50:18-07:00,3,224
projects/index.html,70,html,5e202ec0,jensenemi,2025-10-08,16:50:18,-07:00,2025-10-08T16:50:18-07:00,2,6
projects/index.html,71,html,5e202ec0,jensenemi,2025-10-08,16:50:18,-07:00,2025-10-08T16:50:18-07:00,2,5
projects/index.html,72,html,5e202ec0,jensenemi,2025-10-08,16:50:18,-07:00,2025-10-08T16:50:18-07:00,3,40
projects/index.html,73,html,5e202ec0,jensenemi,2025-10-08,16:50:18,-07:00,2025-10-08T16:50:18-07:00,3,68
projects/index.html,74,html,5e202ec0,jensenemi,2025-10-08,16:50:18,-07:00,2025-10-08T16:50:18-07:00,3,221
projects/index.html,75,html,5e202ec0,jensenemi,2025-10-08,16:50:18,-07:00,2025-10-08T16:50:18-07:00,2,6
projects/index.html,76,html,5e202ec0,jensenemi,2025-10-08,16:50:18,-07:00,2025-10-08T16:50:18-07:00,2,5
projects/index.html,77,html,5e202ec0,jensenemi,2025-10-08,16:50:18,-07:00,2025-10-08T16:50:18-07:00,3,39
projects/index.html,78,html,5e202ec0,jensenemi,2025-10-08,16:50:18,-07:00,2025-10-08T16:50:18-07:00,3,68
projects/index.html,79,html,5e202ec0,jensenemi,2025-10-08,16:50:18,-07:00,2025-10-08T16:50:18-07:00,3,214
projects/index.html,80,html,5e202ec0,jensenemi,2025-10-08,16:50:18,-07:00,2025-10-08T16:50:18-07:00,2,6
projects/index.html,81,html,5e202ec0,jensenemi,2025-10-08,16:50:18,-07:00,2025-10-08T16:50:18-07:00,2,5
projects/index.html,82,html,5e202ec0,jensenemi,2025-10-08,16:50:18,-07:00,2025-10-08T16:50:18-07:00,3,31
projects/index.html,83,html,5e202ec0,jensenemi,2025-10-08,16:50:18,-07:00,2025-10-08T16:50:18-07:00,3,68
projects/index.html,84,html,5e202ec0,jensenemi,2025-10-08,16:50:18,-07:00,2025-10-08T16:50:18-07:00,3,218
projects/index.html,85,html,5e202ec0,jensenemi,2025-10-08,16:50:18,-07:00,2025-10-08T16:50:18-07:00,2,6
projects/index.html,86,html,5e202ec0,jensenemi,2025-10-08,16:50:18,-07:00,2025-10-08T16:50:18-07:00,2,5
projects/index.html,87,html,5e202ec0,jensenemi,2025-10-08,16:50:18,-07:00,2025-10-08T16:50:18-07:00,3,29
projects/index.html,88,html,5e202ec0,jensenemi,2025-10-08,16:50:18,-07:00,2025-10-08T16:50:18-07:00,3,68
projects/index.html,89,html,5e202ec0,jensenemi,2025-10-08,16:50:18,-07:00,2025-10-08T16:50:18-07:00,3,204
projects/index.html,90,html,5e202ec0,jensenemi,2025-10-08,16:50:18,-07:00,2025-10-08T16:50:18-07:00,2,6
projects/index.html,91,html,5e202ec0,jensenemi,2025-10-08,16:50:18,-07:00,2025-10-08T16:50:18-07:00,2,5
projects/index.html,92,html,5e202ec0,jensenemi,2025-10-08,16:50:18,-07:00,2025-10-08T16:50:18-07:00,3,31
projects/index.html,93,html,5e202ec0,jensenemi,2025-10-08,16:50:18,-07:00,2025-10-08T16:50:18-07:00,3,68
projects/index.html,94,html,5e202ec0,jensenemi,2025-10-08,16:50:18,-07:00,2025-10-08T16:50:18-07:00,3,238
projects/index.html,95,html,c948f87d,jensenemi,2025-10-22,16:14:58,-07:00,2025-10-22T16:14:58-07:00,2,10
projects/index.html,96,html,5e202ec0,jensenemi,2025-10-08,16:50:18,-07:00,2025-10-08T16:50:18-07:00,1,2
projects/index.html,97,html,c948f87d,jensenemi,2025-10-22,16:14:58,-07:00,2025-10-22T16:14:58-07:00,1,46
projects/index.html,98,html,c948f87d,jensenemi,2025-10-22,16:14:58,-07:00,2025-10-22T16:14:58-07:00,1,45
projects/index.html,99,html,1393b1d1,jensenemi,2025-09-28,15:03:09,-07:00,2025-09-28T15:03:09-07:00,0,3
projects/index.html,100,html,1393b1d1,jensenemi,2025-09-28,15:03:09,-07:00,2025-09-28T15:03:09-07:00,0,3
meta/index.html,1,html,1c658988,jensenemi,2025-11-03,22:37:08,-08:00,2025-11-03T22:37:08-08:00,0,11
meta/index.html,2,html,1c658988,jensenemi,2025-11-03,22:37:08,-08:00,2025-11-03T22:37:08-08:00,0,12
meta/index.html,3,html,1c658988,jensenemi,2025-11-03,22:37:08,-08:00,2025-11-03T22:37:08-08:00,0,2
meta/index.html,4,html,1c658988,jensenemi,2025-11-03,22:37:08,-08:00,2025-11-03T22:37:08-08:00,1,18
meta/index.html,5,html,1c658988,jensenemi,2025-11-03,22:37:08,-08:00,2025-11-03T22:37:08-08:00,1,49
meta/index.html,6,html,1c658988,jensenemi,2025-11-03,22:37:08,-08:00,2025-11-03T22:37:08-08:00,1,66
meta/index.html,7,html,66cf67e5,jensenemi,2025-11-03,22:46:57,-08:00,2025-11-03T22:46:57-08:00,1,15
meta/index.html,8,html,faa5445d,jensenemi,2025-11-03,22:48:46,-08:00,2025-11-03T22:48:46-08:00,1,39
meta/index.html,9,html,1c658988,jensenemi,2025-11-03,22:37:08,-08:00,2025-11-03T22:37:08-08:00,0,3
meta/index.html,10,html,1c658988,jensenemi,2025-11-03,22:37:08,-08:00,2025-11-03T22:37:08-08:00,0,2
meta/index.html,11,html,1c658988,jensenemi,2025-11-03,22:37:08,-08:00,2025-11-03T22:37:08-08:00,1,1
meta/index.html,12,html,1c658988,jensenemi,2025-11-03,22:37:08,-08:00,2025-11-03T22:37:08-08:00,2,28
meta/index.html,13,html,1c658988,jensenemi,2025-11-03,22:37:08,-08:00,2025-11-03T22:37:08-08:00,2,39
meta/index.html,14,html,1c658988,jensenemi,2025-11-03,22:37:08,-08:00,2025-11-03T22:37:08-08:00,2,41
meta/index.html,15,html,1c658988,jensenemi,2025-11-03,22:37:08,-08:00,2025-11-03T22:37:08-08:00,2,37
meta/index.html,16,html,1c658988,jensenemi,2025-11-03,22:37:08,-08:00,2025-11-03T22:37:08-08:00,2,41
meta/index.html,17,html,1c658988,jensenemi,2025-11-03,22:37:08,-08:00,2025-11-03T22:37:08-08:00,2,61
meta/index.html,18,html,1c658988,jensenemi,2025-11-03,22:37:08,-08:00,2025-11-03T22:37:08-08:00,1,2
meta/index.html,19,html,66cf67e5,jensenemi,2025-11-03,22:46:57,-08:00,2025-11-03T22:46:57-08:00,1,9
meta/index.html,20,html,66cf67e5,jensenemi,2025-11-03,22:46:57,-08:00,2025-11-03T22:46:57-08:00,1,46
meta/index.html,21,html,1c658988,jensenemi,2025-11-03,22:37:08,-08:00,2025-11-03T22:37:08-08:00,0,3
meta/index.html,22,html,1c658988,jensenemi,2025-11-03,22:37:08,-08:00,2025-11-03T22:37:08-08:00,0,3
contact/index.html,1,html,1393b1d1,jensenemi,2025-09-28,15:03:09,-07:00,2025-09-28T15:03:09-07:00,0,11
contact/index.html,2,html,1393b1d1,jensenemi,2025-09-28,15:03:09,-07:00,2025-09-28T15:03:09-07:00,0,12
contact/index.html,3,html,1393b1d1,jensenemi,2025-09-28,15:03:09,-07:00,2025-09-28T15:03:09-07:00,0,2
contact/index.html,4,html,1393b1d1,jensenemi,2025-09-28,15:03:09,-07:00,2025-09-28T15:03:09-07:00,1,18
contact/index.html,5,html,1393b1d1,jensenemi,2025-09-28,15:03:09,-07:00,2025-09-28T15:03:09-07:00,1,49
contact/index.html,6,html,1393b1d1,jensenemi,2025-09-28,15:03:09,-07:00,2025-09-28T15:03:09-07:00,1,66
contact/index.html,7,html,1393b1d1,jensenemi,2025-09-28,15:03:09,-07:00,2025-09-28T15:03:09-07:00,1,18
contact/index.html,8,html,1781ac8d,jensenemi,2025-09-30,13:41:39,-07:00,2025-09-30T13:41:39-07:00,1,39
contact/index.html,9,html,1393b1d1,jensenemi,2025-09-28,15:03:09,-07:00,2025-09-28T15:03:09-07:00,0,3
contact/index.html,10,html,1393b1d1,jensenemi,2025-09-28,15:03:09,-07:00,2025-09-28T15:03:09-07:00,0,2
contact/index.html,11,html,6ab33783,jensenemi,2025-10-14,14:42:57,-07:00,2025-10-14T14:42:57-07:00,1,1
contact/index.html,12,html,1781ac8d,jensenemi,2025-09-30,13:41:39,-07:00,2025-09-30T13:41:39-07:00,2,28
contact/index.html,13,html,0f6eae09,jensenemi,2025-10-08,15:47:57,-07:00,2025-10-08T15:47:57-07:00,2,44
contact/index.html,14,html,1781ac8d,jensenemi,2025-09-30,13:41:39,-07:00,2025-09-30T13:41:39-07:00,2,41
contact/index.html,15,html,4f3c20ba,jensenemi,2025-10-01,16:30:56,-07:00,2025-10-01T16:30:56-07:00,2,37
contact/index.html,16,html,1c658988,jensenemi,2025-11-03,22:37:08,-08:00,2025-11-03T22:37:08-08:00,2,33
contact/index.html,17,html,1393b1d1,jensenemi,2025-09-28,15:03:09,-07:00,2025-09-28T15:03:09-07:00,2,61
contact/index.html,18,html,6ab33783,jensenemi,2025-10-14,14:42:57,-07:00,2025-10-14T14:42:57-07:00,1,2
contact/index.html,19,html,4ae39a45,jensenemi,2025-10-01,16:24:27,-07:00,2025-10-01T16:24:27-07:00,1,12
contact/index.html,20,html,54f05bf3,jensenemi,2025-10-14,16:27:12,-07:00,2025-10-14T16:27:12-07:00,1,39
contact/index.html,21,html,fad40e97,jensenemi,2025-10-14,16:09:09,-07:00,2025-10-14T16:09:09-07:00,2,8
contact/index.html,22,html,e3c507c4,jensenemi,2025-09-30,14:16:52,-07:00,2025-09-30T14:16:52-07:00,3,2
contact/index.html,23,html,e3c507c4,jensenemi,2025-09-30,14:16:52,-07:00,2025-09-30T14:16:52-07:00,3,29
contact/index.html,24,html,fad40e97,jensenemi,2025-10-14,16:09:09,-07:00,2025-10-14T16:09:09-07:00,2,8
contact/index.html,25,html,e3c507c4,jensenemi,2025-09-30,14:16:52,-07:00,2025-09-30T14:16:52-07:00,2,3
contact/index.html,26,html,e3c507c4,jensenemi,2025-09-30,14:16:52,-07:00,2025-09-30T14:16:52-07:00,3,4
contact/index.html,27,html,e3c507c4,jensenemi,2025-09-30,14:16:52,-07:00,2025-09-30T14:16:52-07:00,3,18
contact/index.html,28,html,e3c507c4,jensenemi,2025-09-30,14:16:52,-07:00,2025-09-30T14:16:52-07:00,2,4
contact/index.html,29,html,e3c507c4,jensenemi,2025-09-30,14:16:52,-07:00,2025-09-30T14:16:52-07:00,2,3
contact/index.html,30,html,e3c507c4,jensenemi,2025-09-30,14:16:52,-07:00,2025-09-30T14:16:52-07:00,3,1
contact/index.html,31,html,e3c507c4,jensenemi,2025-09-30,14:16:52,-07:00,2025-09-30T14:16:52-07:00,3,38
contact/index.html,32,html,e3c507c4,jensenemi,2025-09-30,14:16:52,-07:00,2025-09-30T14:16:52-07:00,2,4
contact/index.html,33,html,e3c507c4,jensenemi,2025-09-30,14:16:52,-07:00,2025-09-30T14:16:52-07:00,2,19
contact/index.html,34,html,e3c507c4,jensenemi,2025-09-30,14:16:52,-07:00,2025-09-30T14:16:52-07:00,1,3
contact/index.html,35,html,dab9c241,jensenemi,2025-10-14,13:21:42,-07:00,2025-10-14T13:21:42-07:00,1,46
contact/index.html,36,html,1393b1d1,jensenemi,2025-09-28,15:03:09,-07:00,2025-09-28T15:03:09-07:00,0,3
contact/index.html,37,html,1393b1d1,jensenemi,2025-09-28,15:03:09,-07:00,2025-09-28T15:03:09-07:00,0,3
